repID	pilo	drum	cusp	roe
circ15-4476	4273500	5514210	3461820	4569664
circ2-7363	5736162	8096934	7081888	4819182
circ21-350	3857130	640318	3767682	2537570
circ44-1214	4508604	3830948	3801592	3218150
circ45-185	267800	207146	92932	227912
circ5-5870	50873088	35608538	30102814	47603690
circ53-120	10024412	2456324	2731254	3362776
circ56-120	642724	738098	457180	909348
circ60-120	86434	174486	25098	88116
circ76-35	27210	137306	129504	91274
ltr-1_family-1	2637115	3770460	2194212	2943876
ltr-1_family-100	30577	27637	25156	29809
ltr-1_family-1000	475169	460783	402295	427345
ltr-1_family-1001	240598	63972	53124	39898
ltr-1_family-1002	363922	362218	208140	292792
ltr-1_family-1003	690336	1098783	597752	1376698
ltr-1_family-1004	220210	1570035	178785	712030
ltr-1_family-1005	27855	24534	18920	20722
ltr-1_family-1006	44125	24828	19813	32931
ltr-1_family-1007	323591	368824	239639	158963
ltr-1_family-1008	7297932	11695084	8391401	10685778
ltr-1_family-101	40180	25056	20852	35003
ltr-1_family-1010	106360	84164	74445	134395
ltr-1_family-1011	15133	33630	20876	17004
ltr-1_family-1012	165025	170807	173760	85248
ltr-1_family-1013	734149	839389	460279	938020
ltr-1_family-1014	621279	629993	425997	565761
ltr-1_family-1015	398703	469285	273591	498248
ltr-1_family-1016	17226829	16156386	10644139	15985586
ltr-1_family-1017	173796	801878	229508	353028
ltr-1_family-1018	99672	95888	65347	64345
ltr-1_family-1019	5473725	8471210	3760152	3275417
ltr-1_family-1020	1289055	1360419	823996	1422414
ltr-1_family-1021	91873	113823	67830	104002
ltr-1_family-1022	288461	242905	178486	233689
ltr-1_family-1024	93364	69250	44959	69181
ltr-1_family-1025	145002	99667	93879	97644
ltr-1_family-1026	113228	108290	88494	99570
ltr-1_family-1027	644903	537209	325090	350451
ltr-1_family-1028	30290	36856	16226	19011
ltr-1_family-1029	47507	111419	57396	53717
ltr-1_family-103	34468	20858	16750	19159
ltr-1_family-1030	43346	26265	28920	28227
ltr-1_family-1031	13356333	8865531	7429761	8979496
ltr-1_family-1033	62183	24869	17271	30579
ltr-1_family-1034	102889	136395	84518	136451
ltr-1_family-1035	87859	61823	33782	47540
ltr-1_family-1036	95566	74703	52593	78158
ltr-1_family-1037	107517	78472	53765	66069
ltr-1_family-1038	95671	127313	61767	116400
ltr-1_family-1039	93638	75883	69408	76808
ltr-1_family-104	41408	32637	25658	30738
ltr-1_family-1040	315904	379737	201393	269326
ltr-1_family-1041	410034	397080	249989	403751
ltr-1_family-1042	42587	29723	23346	28197
ltr-1_family-1044	187249	85648	83469	146064
ltr-1_family-1045	23197405	18537845	14705963	21232167
ltr-1_family-1046	30148	31464	28477	33077
ltr-1_family-1047	1096306	1660863	793488	1248116
ltr-1_family-1048	71177985	10453681	23352414	33923496
ltr-1_family-1049	85651	85464	58574	61653
ltr-1_family-105	990795	846001	634025	878062
ltr-1_family-1050	380715	585373	843165	707987
ltr-1_family-1051	1163050	1520655	1134666	1375374
ltr-1_family-1052	35417	20752	16592	17561
ltr-1_family-1053	28057	38133	28389	30195
ltr-1_family-1054	182553	174821	127398	239280
ltr-1_family-1055	58636	72624	44667	64641
ltr-1_family-1056	283837	256332	233580	266055
ltr-1_family-1057	1093550	840695	689607	825751
ltr-1_family-1058	394518	261250	197158	245420
ltr-1_family-1059	192340	155639	112686	119391
ltr-1_family-1060	24701	33722	38097	31613
ltr-1_family-1061	107456	124156	70833	102815
ltr-1_family-1062	70370	136751	27614	30554
ltr-1_family-1063	697665	578188	576667	569513
ltr-1_family-1064	302363	230332	183020	220028
ltr-1_family-1065	116456294	84387393	86106063	135967432
ltr-1_family-1066	81476	93497	67688	95274
ltr-1_family-1067	726348	763858	476705	621615
ltr-1_family-1068	1107349	432505	485446	475435
ltr-1_family-1069	7431463	9994403	5567841	9575513
ltr-1_family-107	2659923	2841100	1925459	3086960
ltr-1_family-1072	988253	664750	513566	732579
ltr-1_family-1073	415156	311175	317796	433863
ltr-1_family-1074	194874	165376	129881	146614
ltr-1_family-1075	148287	143311	130055	128204
ltr-1_family-1077	8274837	7221849	5035008	7432427
ltr-1_family-1079	950293	446012	359055	353532
ltr-1_family-108	13212	13608	14833	16391
ltr-1_family-1080	31848	40006	22687	36831
ltr-1_family-1081	304006	238801	192375	266583
ltr-1_family-1082	31772	41626	29332	35151
ltr-1_family-1083	13095244	5943149	6399112	3770610
ltr-1_family-1084	1261098	1315514	1127020	1250891
ltr-1_family-1085	32233	134854	32182	69925
ltr-1_family-1087	941274	1119863	629979	852380
ltr-1_family-1088	119713	96970	72210	84177
ltr-1_family-1089	57051	62416	58094	32228
ltr-1_family-1090	166592	162008	241764	235910
ltr-1_family-1091	32814	45629	68228	27374
ltr-1_family-1092	581179	6483745	11798148	13666782
ltr-1_family-1093	75538	52122	46849	62286
ltr-1_family-1094	29925	23814	16986	22629
ltr-1_family-1095	357544	267146	254438	317888
ltr-1_family-1097	2797401	1950655	2088891	3138495
ltr-1_family-1098	1195487	1208481	932405	1457604
ltr-1_family-1099	28488	20151	13380	23199
ltr-1_family-110	23140	84227	44968	53499
ltr-1_family-1100	148891	136587	101038	162749
ltr-1_family-1101	144129	65853	145059	602384
ltr-1_family-1102	272074	322003	161283	388691
ltr-1_family-1103	3005041	3103207	2253699	3281862
ltr-1_family-1104	32242	48486	32654	30348
ltr-1_family-1105	359501	233183	232815	302803
ltr-1_family-1106	16514	22620	24728	28112
ltr-1_family-1107	470154	353761	308451	383282
ltr-1_family-1108	400770	413615	384263	441535
ltr-1_family-1109	397894	247241	260052	346005
ltr-1_family-1110	4144187	2710914	2371879	4101390
ltr-1_family-1111	27934	54544	39580	45203
ltr-1_family-1112	28381	45365	19026	61740
ltr-1_family-1113	60933	105444	37732	90217
ltr-1_family-1114	158382	224198	155492	143427
ltr-1_family-1115	178696	99386	101629	123547
ltr-1_family-1116	79705	58072	42269	50025
ltr-1_family-1117	127298	157884	142827	165371
ltr-1_family-1118	67185	73743	50049	88154
ltr-1_family-1119	1016538	5411850	7368725	10668170
ltr-1_family-112	28624	36662	23463	29630
ltr-1_family-1120	258773	203711	147620	265546
ltr-1_family-1121	410844	2417105	613226	1837748
ltr-1_family-1122	344464	277931	214852	395129
ltr-1_family-1123	2942934	3527379	2206585	2415854
ltr-1_family-1124	107488	126259	70429	93574
ltr-1_family-1125	94094	120654	82329	111683
ltr-1_family-1126	305116	255337	260487	240985
ltr-1_family-1127	111985	142733	101566	146617
ltr-1_family-1128	83579	58671	62452	77133
ltr-1_family-1129	1614137	296839	924465	256084
ltr-1_family-113	741700	638614	497358	587414
ltr-1_family-1130	56196	352697	44657	62219
ltr-1_family-1131	2356686	2595374	1833514	2805912
ltr-1_family-1132	256350	222243	133951	200287
ltr-1_family-1133	1985352	1865574	976279	2321336
ltr-1_family-1134	235077	491536	242258	236249
ltr-1_family-1135	1031933	675794	607220	926338
ltr-1_family-1136	53845	61327	40641	58381
ltr-1_family-1137	420406	380006	298170	433441
ltr-1_family-1138	323443	375079	266488	323596
ltr-1_family-1139	44297	19866	19499	22676
ltr-1_family-114	179966	116601	105267	107974
ltr-1_family-1140	286466	183169	183542	196821
ltr-1_family-1141	319232	210158	215347	278216
ltr-1_family-1142	50005	24755	26100	33394
ltr-1_family-1143	59786	59010	38047	84331
ltr-1_family-1144	22856467	21332891	13915237	21176131
ltr-1_family-1145	4343119	3885201	2724296	4077653
ltr-1_family-1146	1354374	997188	814953	930512
ltr-1_family-1147	34454786	26867907	19683029	27441748
ltr-1_family-1148	264217	235435	195360	242357
ltr-1_family-1149	65057	59561	35777	47655
ltr-1_family-115	1574129	1063251	845381	1015765
ltr-1_family-1150	11115	18970	11368	22010
ltr-1_family-1151	150949	143610	88509	122088
ltr-1_family-1152	371218	267454	322637	279574
ltr-1_family-1153	165962	169855	131407	182368
ltr-1_family-1154	117809	70767	66198	72361
ltr-1_family-1155	325142	165234	148646	145361
ltr-1_family-1156	113333	260178	568258	2060040
ltr-1_family-1157	310086	318721	140404	249629
ltr-1_family-1158	109088	154859	113729	92912
ltr-1_family-1159	124019	80332	77787	81213
ltr-1_family-116	114646	91232	80351	83494
ltr-1_family-1160	117583	86543	62511	83331
ltr-1_family-1161	210387	239385	153430	211330
ltr-1_family-1162	58234	37390	26296	37977
ltr-1_family-1163	148441	110817	82814	123515
ltr-1_family-1165	43813	68265	43761	82027
ltr-1_family-1166	232385	213259	176356	199421
ltr-1_family-1168	88811	61765	51578	90515
ltr-1_family-1169	213618	164047	694850	139234
ltr-1_family-117	108710	95879	79902	116643
ltr-1_family-1170	14291	164931	14534	27766
ltr-1_family-1171	284957	265492	125933	304149
ltr-1_family-1172	73446	66639	46962	67045
ltr-1_family-1173	51769	27855	29677	29908
ltr-1_family-1174	51383	31434	50256	40385
ltr-1_family-1175	665649	569298	537451	535234
ltr-1_family-1176	13582	22012	15035	73841
ltr-1_family-1177	169697	92366	96535	74701
ltr-1_family-1178	4446873	3299630	3485337	6199901
ltr-1_family-1179	71109	85887	61205	57374
ltr-1_family-118	40906	39224	22381	30459
ltr-1_family-1180	832678	681178	536393	787317
ltr-1_family-1181	90156	85865	70908	71940
ltr-1_family-1182	301231	170485	160695	179135
ltr-1_family-1183	99970	62210	129864	90782
ltr-1_family-1185	171987	178851	147962	199995
ltr-1_family-1186	111275	182014	120183	82953
ltr-1_family-1187	362808	498394	383323	506083
ltr-1_family-1188	133991	112665	100361	148030
ltr-1_family-1189	131088	149022	118507	158454
ltr-1_family-119	3140782	4273687	2729343	4258959
ltr-1_family-1190	39604	30988	25849	15926
ltr-1_family-1191	102854	83042	76250	106723
ltr-1_family-1192	186105	215593	202446	343533
ltr-1_family-1193	84402	92218	78514	69106
ltr-1_family-1194	920939	672462	551288	508256
ltr-1_family-1196	55056	45108	24674	49091
ltr-1_family-1197	109496	207260	118435	150477
ltr-1_family-1198	296508	215949	197898	301516
ltr-1_family-1199	10659	39060	33918	17711
ltr-1_family-120	24879	22348	21109	22215
ltr-1_family-1200	122474	195188	122546	208122
ltr-1_family-1201	1018231	1422422	889727	1558499
ltr-1_family-1203	253873	245269	153765	235626
ltr-1_family-1205	134785	109856	96615	76326
ltr-1_family-1206	55789	78658	32203	42264
ltr-1_family-1207	281187	256501	236065	365938
ltr-1_family-1208	875180	599496	374366	355992
ltr-1_family-1209	314966	334317	208306	341184
ltr-1_family-121	17180	13054	10933	15190
ltr-1_family-1210	117756	52335	83113	49624
ltr-1_family-1211	879849	1147491	3950855	1006934
ltr-1_family-1212	132650	191011	166445	199201
ltr-1_family-1213	50718	25586	16462	36912
ltr-1_family-1214	1231519	1031012	735220	1108941
ltr-1_family-1215	92585	22872	25265	27733
ltr-1_family-1216	136011	115708	102197	107906
ltr-1_family-1217	211562	428222	177908	253782
ltr-1_family-1218	414637	207190	213044	195871
ltr-1_family-1219	269370	189056	149773	134077
ltr-1_family-122	68832	33091	23560	34486
ltr-1_family-1220	98487	102129	72913	103495
ltr-1_family-1221	69539	187805	107550	69427
ltr-1_family-1222	2511953	1362285	1525922	2690163
ltr-1_family-1223	1144834	1424869	1033742	1433776
ltr-1_family-1224	1357661	1372001	808489	1359159
ltr-1_family-1225	1372838	1545199	1196853	1548108
ltr-1_family-1226	167234	253230	140079	238373
ltr-1_family-1227	137115	74807	178273	165796
ltr-1_family-1228	184858	142664	78892	139321
ltr-1_family-1229	105256	96234	99415	150829
ltr-1_family-123	25520	43189	25498	30881
ltr-1_family-1230	700815	343549	1026981	488061
ltr-1_family-1231	162863	138203	121085	179954
ltr-1_family-1232	70729	23265	21166	21902
ltr-1_family-1233	1247905	1205240	894610	1104974
ltr-1_family-1234	99809	190897	96048	155960
ltr-1_family-1235	372907	550463	563153	752369
ltr-1_family-1236	228950	521816	156204	210813
ltr-1_family-1238	6088675	2416389	2600682	1731830
ltr-1_family-1239	330424	730849	501321	473275
ltr-1_family-124	41811	113412	58442	72515
ltr-1_family-1240	98676	233922	156612	126983
ltr-1_family-1241	130869	132132	125470	114161
ltr-1_family-1243	189722	192658	91392	225676
ltr-1_family-1244	623563	519770	644987	769805
ltr-1_family-1245	30841	23779	20388	32045
ltr-1_family-1246	894469	1345524	991606	2313581
ltr-1_family-1247	218340	168116	142728	201216
ltr-1_family-1248	1845127	1678622	1401506	1600921
ltr-1_family-1249	46977	39169	42113	55054
ltr-1_family-125	41479	36046	24149	42139
ltr-1_family-1250	22822	23721	25538	25685
ltr-1_family-1251	70702	75263	59245	74903
ltr-1_family-1252	97558	97651	61883	121508
ltr-1_family-1253	81403	827153	50648	514681
ltr-1_family-1254	371343	270342	197049	360792
ltr-1_family-1255	29948451	21985601	16511016	21347278
ltr-1_family-1256	20969	82971	25330	51777
ltr-1_family-1257	30881	27888	41892	32659
ltr-1_family-1258	244448	323884	164048	257021
ltr-1_family-1259	215005	133712	116027	139523
ltr-1_family-1260	338011	340705	258318	327509
ltr-1_family-1261	25545	29782	49226	36964
ltr-1_family-1262	107724	248970	88316	218550
ltr-1_family-1264	438845	264839	250716	325568
ltr-1_family-1265	14541	19915	21234	21486
ltr-1_family-1266	1046996	714991	713842	719342
ltr-1_family-1267	1588783	1975842	2097548	2242996
ltr-1_family-1268	1604819	2846150	1799923	2249990
ltr-1_family-1269	146371	115853	92831	140376
ltr-1_family-1270	92427	109192	123359	119760
ltr-1_family-1271	684062	1968349	898350	1282702
ltr-1_family-1272	3326679	2432800	1512790	2883518
ltr-1_family-1273	1767851	1582246	1343350	1535093
ltr-1_family-1274	67710	77424	55076	72543
ltr-1_family-1275	738085	822981	546388	692463
ltr-1_family-1276	36034	26756	16136	29793
ltr-1_family-1277	73457	69599	55419	59660
ltr-1_family-1278	22173	12556	12006	14807
ltr-1_family-1279	10163002	9312861	10034213	13716534
ltr-1_family-1280	140236	124542	69950	158653
ltr-1_family-1281	144385	164809	112541	152076
ltr-1_family-1282	59032	40324	16602	42078
ltr-1_family-1283	16399	29060	38592	42643
ltr-1_family-1284	1837109	656771	633498	596930
ltr-1_family-1285	117334	71018	103561	84508
ltr-1_family-1286	377200	247682	132371	311184
ltr-1_family-1287	28850506	13121310	13303095	16223809
ltr-1_family-1288	107869	147752	102786	105283
ltr-1_family-1289	28184	39542	45101	50060
ltr-1_family-129	154055	124715	144988	72659
ltr-1_family-1290	3830567	4125981	2949075	3533426
ltr-1_family-1291	284212	323181	158522	324181
ltr-1_family-1292	496367	860078	2286759	750557
ltr-1_family-1293	37429	86742	203006	61204
ltr-1_family-1294	296693	254678	185054	329992
ltr-1_family-1295	1174844	1663047	1142180	1650307
ltr-1_family-1296	34190	27146	16694	22017
ltr-1_family-1297	42710	30295	22071	19332
ltr-1_family-1298	47298	43865	37861	76768
ltr-1_family-13	3135017	563786	1292117	2107276
ltr-1_family-130	16358	10335	10251	13668
ltr-1_family-1300	19216	19658	27543	24958
ltr-1_family-1301	274467	282947	185160	197676
ltr-1_family-1302	933143	1057887	548148	661447
ltr-1_family-1303	357673	198322	163026	222561
ltr-1_family-1304	3454561	1873367	1834110	1936271
ltr-1_family-1305	269806	240351	189426	222081
ltr-1_family-1306	74174	66154	60503	73982
ltr-1_family-1307	13199	13371	16521	26439
ltr-1_family-1308	55437	61514	43591	65356
ltr-1_family-1309	31436	17560	15397	23583
ltr-1_family-131	83081	60989	46817	70105
ltr-1_family-1310	69904	32222	28917	45342
ltr-1_family-1311	1593128	728390	547517	731406
ltr-1_family-1312	122546	102626	60503	97078
ltr-1_family-1313	60249	50304	46321	50165
ltr-1_family-1314	108594	130865	95375	183462
ltr-1_family-1315	3850140	2468581	2063021	2509883
ltr-1_family-1316	235724	198229	148046	210483
ltr-1_family-1317	186715	197823	108464	115187
ltr-1_family-1318	853382	891516	708949	1240102
ltr-1_family-1319	104042	56406	33605	85718
ltr-1_family-132	36739	37892	29713	51803
ltr-1_family-1320	108706	234895	196818	411135
ltr-1_family-1321	39222	46513	40380	38609
ltr-1_family-1322	64334	59923	52998	47998
ltr-1_family-1323	101150	210354	46153	69858
ltr-1_family-1324	28963	111365	89222	112368
ltr-1_family-1325	248178	131289	171451	209556
ltr-1_family-1326	102390	40073	42359	43168
ltr-1_family-1327	920073	2168595	1834994	2990408
ltr-1_family-1328	56163	31808	26517	31792
ltr-1_family-1329	647741	140737	117578	148814
ltr-1_family-133	420109	236931	243496	117057
ltr-1_family-1330	29581	15644	10385	18336
ltr-1_family-1331	67335	72383	45266	66066
ltr-1_family-1332	1196900	853035	717692	791500
ltr-1_family-1333	34386	31849	25152	31796
ltr-1_family-1334	1898154	1599615	1345132	1779268
ltr-1_family-1335	2231550	1646493	1584606	1178467
ltr-1_family-1336	138991	122156	77248	111002
ltr-1_family-1338	453623	528982	408727	622800
ltr-1_family-1339	1052431	932661	712183	1017340
ltr-1_family-1340	15614	269503	15244	19896
ltr-1_family-1341	27341	11966	10820	16771
ltr-1_family-1342	207149	450820	113391	121449
ltr-1_family-1343	820681	792214	529539	742104
ltr-1_family-1344	4799471	2915430	3393806	3316518
ltr-1_family-1345	69109	49835	44893	46409
ltr-1_family-1346	67902	15904	11533	21102
ltr-1_family-1347	317325	247142	218212	251082
ltr-1_family-1348	2247593	1769294	1123823	2103637
ltr-1_family-1349	110459	125723	73406	128798
ltr-1_family-1350	19659087	22258517	17927142	23899802
ltr-1_family-1351	28132	20643	16349	32228
ltr-1_family-1352	305385	477307	350502	541904
ltr-1_family-1353	961869	1295167	702991	1224248
ltr-1_family-1354	1904577	2292006	1914415	1899539
ltr-1_family-1355	80591	59200	45285	70214
ltr-1_family-1357	2122091	3847020	4138822	2501384
ltr-1_family-1358	565837	573210	396624	493865
ltr-1_family-1359	72981	83532	64776	104834
ltr-1_family-1360	31989	39801	18697	35534
ltr-1_family-1361	38650	126906	104778	80223
ltr-1_family-1363	1420853	1681889	1525821	2329986
ltr-1_family-1364	87670	438376	71737	110893
ltr-1_family-1365	19283339	9460060	9475989	5720389
ltr-1_family-1366	28274	50007	32670	18143
ltr-1_family-1367	489308	686721	423336	688942
ltr-1_family-1368	809273	677083	584687	714181
ltr-1_family-1369	1054774	493582	621174	825097
ltr-1_family-1370	49666	57166	27613	61242
ltr-1_family-1371	72765	84447	40474	84358
ltr-1_family-1372	136079	96896	81888	96712
ltr-1_family-1373	4369445	3176497	6153108	3768465
ltr-1_family-1375	69532	179606	46816	54444
ltr-1_family-1376	159545	162989	129899	164127
ltr-1_family-1377	327425	449888	212988	318389
ltr-1_family-1378	3495371	1384289	1140064	1455592
ltr-1_family-1379	5805045	4756958	3817858	4051365
ltr-1_family-138	153331	154708	121165	124904
ltr-1_family-1380	170410	127254	126063	141081
ltr-1_family-1381	250400	203728	147620	260899
ltr-1_family-1382	1641007	1096969	957400	777077
ltr-1_family-1383	565726	777215	540984	869220
ltr-1_family-1384	107723	120350	93995	129843
ltr-1_family-1385	402506	558354	320115	515287
ltr-1_family-1386	3153047	2616197	2004786	2305362
ltr-1_family-1387	118501	135502	133431	99684
ltr-1_family-1388	331320	355280	235617	258160
ltr-1_family-1389	279114	189155	333801	192837
ltr-1_family-139	14852	32024	20457	14355
ltr-1_family-1390	475782	815618	582930	789826
ltr-1_family-1391	431852	347455	310669	343631
ltr-1_family-1392	13282	13157	12130	11308
ltr-1_family-1394	93511	86388	79920	85071
ltr-1_family-1395	23058	231558	18131	33427
ltr-1_family-1396	470161	277173	313745	348536
ltr-1_family-1397	862694	3399898	1949034	2678140
ltr-1_family-1398	526030	748141	528839	1075226
ltr-1_family-1399	69674	151333	118244	261039
ltr-1_family-140	25823	20286	15559	18737
ltr-1_family-1400	866272	405418	374371	400929
ltr-1_family-1401	80561	44324	49884	53341
ltr-1_family-1402	372784	168370	165998	285804
ltr-1_family-1403	138384	150758	100063	120835
ltr-1_family-1404	300199	278232	168083	223005
ltr-1_family-1405	49673	36208	21643	31367
ltr-1_family-1406	35674	22942	28457	23418
ltr-1_family-1407	231909	194521	113913	254171
ltr-1_family-1408	46420	59117	24465	25227
ltr-1_family-1409	103475	83203	60989	75454
ltr-1_family-141	46713	38439	27953	39353
ltr-1_family-1410	3050605	9840193	3596669	9515009
ltr-1_family-1411	36327	27171	19882	22716
ltr-1_family-1412	35864	40057	24523	34672
ltr-1_family-1413	170890	213425	211236	210508
ltr-1_family-1414	415040	293781	193329	265824
ltr-1_family-1415	56508	100160	91015	92072
ltr-1_family-1416	226581	190437	167887	192945
ltr-1_family-1417	103429	56112	64586	42379
ltr-1_family-1418	64969	56966	63385	77437
ltr-1_family-1419	18561	34656	16250	16411
ltr-1_family-142	47735	23724	22426	16351
ltr-1_family-1420	276093	284668	263639	274153
ltr-1_family-1421	2655790	3007415	2271574	3264935
ltr-1_family-1422	78932	642525	76745	129838
ltr-1_family-1423	635693	2074861	1000712	1889551
ltr-1_family-1424	574632	197328	339149	245197
ltr-1_family-1425	697674	454098	397699	507681
ltr-1_family-1426	491037	479349	383429	284467
ltr-1_family-1427	35623	16811	21428	18087
ltr-1_family-1428	53174	29809	22131	35632
ltr-1_family-1429	236730	216187	166780	206602
ltr-1_family-143	118133	144397	101262	197948
ltr-1_family-1430	551911	897666	510325	1044903
ltr-1_family-1431	74965	68077	42748	37327
ltr-1_family-1433	148183	45010	68029	124113
ltr-1_family-1434	176688	137276	129898	144159
ltr-1_family-1435	176404	251577	198231	123027
ltr-1_family-1436	122894	144846	169937	204341
ltr-1_family-1437	657269	477112	347671	545676
ltr-1_family-1438	133853	102351	126140	121609
ltr-1_family-1439	68536	91811	71698	92636
ltr-1_family-144	218547	134165	122604	143311
ltr-1_family-1440	237717	181701	160206	231389
ltr-1_family-1441	131993	53284	102236	91153
ltr-1_family-1442	132556	161973	161189	294203
ltr-1_family-1443	46561	53849	48067	40438
ltr-1_family-1444	8999377	7220518	4553699	5950482
ltr-1_family-1445	44738	33222	29141	40949
ltr-1_family-1446	397327	283016	256238	362432
ltr-1_family-1447	184599	198046	111178	157944
ltr-1_family-1448	640840	524368	375404	516975
ltr-1_family-1449	275492	175435	155459	155870
ltr-1_family-1450	199992	128480	140863	177284
ltr-1_family-1451	136245	77531	78194	116568
ltr-1_family-1452	376793	266272	213678	326056
ltr-1_family-1453	124659	75944	59086	79632
ltr-1_family-1454	216889	99367	89529	94858
ltr-1_family-1455	85097	74942	57138	39543
ltr-1_family-1456	199366	229924	213387	260772
ltr-1_family-1457	19318	35038	11203	19466
ltr-1_family-1458	91846	142161	109009	116557
ltr-1_family-1459	38266	29636	20545	26307
ltr-1_family-146	1430520	1911874	1538439	2063752
ltr-1_family-1460	72826	67663	43751	55759
ltr-1_family-1461	148299	173922	125079	166859
ltr-1_family-1462	71144	44499	51557	52643
ltr-1_family-1463	69566	44958	36791	45934
ltr-1_family-1464	157554	162380	87955	138949
ltr-1_family-1465	1410984	713188	545178	781738
ltr-1_family-1466	22122	31722	19873	13631
ltr-1_family-1467	29291	19997	10425	20673
ltr-1_family-1468	140831	125103	159599	155332
ltr-1_family-1469	314568	495379	308924	518801
ltr-1_family-147	63638	61496	40774	77497
ltr-1_family-1470	87723	108575	52120	72477
ltr-1_family-1471	82998	53489	37962	69354
ltr-1_family-1472	845591	595612	465553	488500
ltr-1_family-1473	140427	144560	118658	108766
ltr-1_family-1474	12049	18253	13766	14135
ltr-1_family-1475	697217	704805	500883	790241
ltr-1_family-1476	190224	91661	44737	93914
ltr-1_family-1477	780897	527228	557730	203565
ltr-1_family-1479	1664178	1944107	1060760	2217294
ltr-1_family-1480	394394	316552	277990	393175
ltr-1_family-1481	1678731	1421928	1048072	1301088
ltr-1_family-1482	74033	70420	61311	66282
ltr-1_family-1483	21554	110542	50766	30861
ltr-1_family-1484	123998	112427	85091	128144
ltr-1_family-1486	118626	163454	161550	128761
ltr-1_family-1487	121980	110752	98131	114007
ltr-1_family-1488	79641	91690	53727	127216
ltr-1_family-1489	238233	1606748	245003	385136
ltr-1_family-1490	2785329	3066990	1786891	3743635
ltr-1_family-1491	203361	146037	63425	174482
ltr-1_family-1492	21045	57490	35883	43251
ltr-1_family-1493	443532	335726	242924	346883
ltr-1_family-1494	70103	71706	73107	41502
ltr-1_family-1495	127962	167450	113014	193570
ltr-1_family-1496	89993	270345	76464	127049
ltr-1_family-1497	2758581	3958175	2672336	3997381
ltr-1_family-1498	1732712	560518	2902608	1781020
ltr-1_family-1499	81441	99550	77430	131168
ltr-1_family-15	243336	169085	155601	189771
ltr-1_family-150	585581	796523	442551	596017
ltr-1_family-1500	783813	1007721	580784	917168
ltr-1_family-1501	815823	639180	485201	629072
ltr-1_family-1502	787519	825426	594179	816339
ltr-1_family-1503	24470	17572	12144	12111
ltr-1_family-1504	1555348	1161209	842038	1418614
ltr-1_family-1506	28809	57667	13445	24584
ltr-1_family-1507	582972	401644	368740	457962
ltr-1_family-1508	289272	441406	275532	449167
ltr-1_family-1509	51850	19411	12149	17301
ltr-1_family-1510	183505	234023	89459	195291
ltr-1_family-1511	88734	49343	40773	45207
ltr-1_family-1512	709316	629968	574997	649031
ltr-1_family-1513	22190	10556	19698	18134
ltr-1_family-1514	3620902	1926774	2301393	2070805
ltr-1_family-1516	128992	181119	108002	135783
ltr-1_family-1517	399322	414675	250293	445384
ltr-1_family-1518	478955	459722	381141	599490
ltr-1_family-1519	16483	13250	10540	11251
ltr-1_family-152	27760	24617	21005	20750
ltr-1_family-1520	127936	73183	83046	133779
ltr-1_family-1521	63995	156105	117607	155354
ltr-1_family-1522	89235	102507	1173823	110768
ltr-1_family-1523	1103809	1679718	1960533	3240266
ltr-1_family-1524	113604	125185	83820	127363
ltr-1_family-1525	24974	18046	25638	36491
ltr-1_family-1526	68234	49435	48100	64738
ltr-1_family-1527	36300	21393	27341	23959
ltr-1_family-1528	220165	156418	142229	172235
ltr-1_family-1529	479098	744073	373572	692388
ltr-1_family-1530	284043	276937	195774	267749
ltr-1_family-1532	241729	301931	203489	335920
ltr-1_family-1533	201076	141874	109973	155171
ltr-1_family-1534	41769	50084	28309	30357
ltr-1_family-1535	51413	13890	16012	27284
ltr-1_family-1536	1654935	608856	1308925	782556
ltr-1_family-1537	71472	59417	57272	156756
ltr-1_family-1538	36523	22139	13224	20876
ltr-1_family-154	60085	31006	22034	31217
ltr-1_family-1540	197361	98449	67400	104847
ltr-1_family-1541	1735164	1573712	1213998	1728266
ltr-1_family-1542	19933	30805	170581	863543
ltr-1_family-1543	428882	233083	248469	237899
ltr-1_family-1544	187696	114833	136012	146848
ltr-1_family-1545	3322196	2914589	2715006	1999842
ltr-1_family-1547	76766	70657	56229	73184
ltr-1_family-1549	88154	66888	54941	54562
ltr-1_family-155	12167	14600	16980	14421
ltr-1_family-1550	51202	60402	65262	67784
ltr-1_family-1552	275463	2640510	2236934	1825464
ltr-1_family-1553	174310	106661	72030	139570
ltr-1_family-1554	530247	335681	313865	409264
ltr-1_family-1555	2840285	2386450	1737973	2729462
ltr-1_family-1556	85534	53939	52139	51308
ltr-1_family-1557	167299	70775	78258	171620
ltr-1_family-1558	349514	229284	230183	284749
ltr-1_family-1559	11799459	14074748	17568400	10552399
ltr-1_family-1560	215228	257023	149510	189843
ltr-1_family-1561	35378	23261	17255	19970
ltr-1_family-1562	160577	129063	75919	124909
ltr-1_family-1563	26408	10805	16304	14765
ltr-1_family-1564	420390	361657	316627	366062
ltr-1_family-1565	200265	249998	252954	226403
ltr-1_family-1566	87351	44004	48503	45657
ltr-1_family-1567	25241	63430	47783	49428
ltr-1_family-1568	681017	625568	494227	648154
ltr-1_family-1569	35204	21755	27032	23626
ltr-1_family-157	178500	126806	112120	129296
ltr-1_family-1570	63304	91239	60087	71555
ltr-1_family-1571	83687	34954	35221	42546
ltr-1_family-1572	99675	79469	76680	133204
ltr-1_family-1573	296861	1264725	960519	804326
ltr-1_family-1574	38694	22703	16462	30697
ltr-1_family-1575	65126	135894	89178	172390
ltr-1_family-1576	1983126	1611826	1421129	1921539
ltr-1_family-1577	211291	163546	117723	138750
ltr-1_family-1578	20338060	8770572	9336128	5748837
ltr-1_family-1579	30061	20608	20521	22711
ltr-1_family-1581	1288386	1211900	931357	1184775
ltr-1_family-1582	799865	988428	979977	919860
ltr-1_family-1583	2005943	2018865	1836340	1912442
ltr-1_family-1584	256985	152732	111905	169688
ltr-1_family-1585	111093	119582	75713	83254
ltr-1_family-1586	26691	24720	42488	23937
ltr-1_family-1588	47317	30574	26109	35732
ltr-1_family-1589	78259	57079	71975	65146
ltr-1_family-159	108087	84696	64332	80833
ltr-1_family-1590	2089032	1257628	1128180	1471707
ltr-1_family-1591	413915	521875	482547	391076
ltr-1_family-1592	136547	136220	113375	161317
ltr-1_family-1593	59824	64920	43358	62009
ltr-1_family-1594	38162	39699	15113	13557
ltr-1_family-1595	1055530	425461	1081877	1382606
ltr-1_family-1596	17770	22885	11177	18352
ltr-1_family-1597	36524	41759	27132	46077
ltr-1_family-1598	46913	44277	33723	45291
ltr-1_family-1599	461138	364555	296090	351902
ltr-1_family-16	20164	11293	15204	15230
ltr-1_family-160	295300	173148	138181	167116
ltr-1_family-1600	39067	28818	20023	36564
ltr-1_family-1601	141566	301747	190660	237153
ltr-1_family-1602	127620	134801	121860	166339
ltr-1_family-1603	81916	119568	73406	134315
ltr-1_family-1604	202031	215142	151509	261100
ltr-1_family-1605	129924	129732	53867	98321
ltr-1_family-1606	5188236	3287334	4752055	4380810
ltr-1_family-1607	7195815	6512288	3754770	6339874
ltr-1_family-1608	66565	62011	37634	51049
ltr-1_family-1609	9687121	11695506	6658195	11904150
ltr-1_family-161	24952	18424	13749	19205
ltr-1_family-1610	1343684	1820931	1427973	2134135
ltr-1_family-1611	115065	104965	109794	158475
ltr-1_family-1612	33619	29645	31030	37550
ltr-1_family-1613	121112	142204	121574	96064
ltr-1_family-1614	80209	61771	42579	63427
ltr-1_family-1615	154801	190885	109495	207781
ltr-1_family-1616	123799	128497	67944	72336
ltr-1_family-1617	72826	34845	31305	34811
ltr-1_family-1618	393469	2561594	244222	1152175
ltr-1_family-1619	93747	70363	52918	91467
ltr-1_family-1621	110821	130056	64273	102479
ltr-1_family-1622	158903	431639	286761	702334
ltr-1_family-1623	566594	588376	351973	575522
ltr-1_family-1624	14084	300093	229454	53815
ltr-1_family-1625	380435	451368	421505	594260
ltr-1_family-1626	54086	275300	33826	71322
ltr-1_family-1627	41007	59414	27349	51428
ltr-1_family-1628	147496	99832	94370	87502
ltr-1_family-1629	42437	42844	19665	37729
ltr-1_family-163	1378603	3193719	1941325	3212555
ltr-1_family-1631	1103412	1092766	519161	982951
ltr-1_family-1632	75588	121545	101712	114814
ltr-1_family-1633	685221	414936	356011	487054
ltr-1_family-1634	142296	172743	105376	163479
ltr-1_family-1635	74815	170587	152958	126041
ltr-1_family-1637	70877	488231	428641	345227
ltr-1_family-1638	29190	41998	38996	59115
ltr-1_family-1639	1422704	1509445	1412403	1591806
ltr-1_family-164	96369	94717	99108	71306
ltr-1_family-1640	64396	38617	41562	47164
ltr-1_family-1641	112668	102700	117262	168647
ltr-1_family-1643	207861	180492	111884	145513
ltr-1_family-1644	150206	184939	192960	143970
ltr-1_family-1645	8057256	5337430	3220038	12467379
ltr-1_family-1646	9411574	5982881	4968052	13207587
ltr-1_family-1647	15795616	8800845	7294850	8257442
ltr-1_family-1649	526672	349053	273414	330816
ltr-1_family-165	89164	10998	13081	18470
ltr-1_family-1650	32933735	11548025	18406076	7047664
ltr-1_family-1651	20694901	13172930	11163056	13322106
ltr-1_family-1652	303621	630148	150003	209381
ltr-1_family-1654	1319991	2609162	920582	5749192
ltr-1_family-1655	55939	22628	29839	18544
ltr-1_family-1656	149705	111196	86818	72831
ltr-1_family-1657	16808	26379	13271	24644
ltr-1_family-1658	557957	486767	368386	442114
ltr-1_family-1659	314883	274244	226227	276434
ltr-1_family-1660	767584	1902407	1190388	1775121
ltr-1_family-1661	231125	182436	150215	166733
ltr-1_family-1662	60256	75657	87329	62397
ltr-1_family-1663	214997	159232	199128	226384
ltr-1_family-1664	196571	286593	146020	238477
ltr-1_family-1665	284423	322871	222706	286001
ltr-1_family-1666	55076	23714	35513	47743
ltr-1_family-1667	108549	59719	42838	72731
ltr-1_family-1668	341975	529288	302196	430739
ltr-1_family-1669	247475	471078	282037	340126
ltr-1_family-1670	955228	1522967	1035699	1665753
ltr-1_family-1671	28185960	8688142	13116023	4509782
ltr-1_family-1672	64512	52918	35187	41405
ltr-1_family-1674	279136	579920	695788	632227
ltr-1_family-1676	215269	155944	88118	142356
ltr-1_family-1677	494973	645280	389450	666225
ltr-1_family-1678	100130	59276	69878	64010
ltr-1_family-1679	1861850	1607129	1362940	1731083
ltr-1_family-1680	371721	219942	211353	265244
ltr-1_family-1681	297880	411815	349718	499430
ltr-1_family-1682	66833	88793	53410	51229
ltr-1_family-1683	38805	34336	29010	43066
ltr-1_family-1684	115895	100222	53337	78561
ltr-1_family-1685	200207	694125	245575	364056
ltr-1_family-1686	227458	150653	107002	137309
ltr-1_family-1687	34883	40005	32742	45850
ltr-1_family-1688	472631	452131	329975	407547
ltr-1_family-1689	16756030	7602837	7842385	6855469
ltr-1_family-169	38512	31075	26320	23473
ltr-1_family-1690	235295	211099	196240	217665
ltr-1_family-1691	436348	455430	252088	350488
ltr-1_family-1692	56087	528318	30748	401492
ltr-1_family-1693	328964	288576	202515	311888
ltr-1_family-1694	486652	907881	414355	966337
ltr-1_family-1695	54548	124291	108837	257950
ltr-1_family-1696	57584	36236	28297	34169
ltr-1_family-1697	192369	121279	149636	129930
ltr-1_family-1698	417854	274696	233819	306046
ltr-1_family-17	410083	96576	75510	80899
ltr-1_family-170	49908	27320	21945	21577
ltr-1_family-1700	43207	25952	13797	23529
ltr-1_family-1701	48428	28989	27568	32617
ltr-1_family-1702	156983	174717	137032	159036
ltr-1_family-1703	20673	31905	24607	45162
ltr-1_family-1704	169115	157078	194227	174047
ltr-1_family-1705	41536	30677	21712	31128
ltr-1_family-1706	102714	101414	104470	159665
ltr-1_family-1707	109973	81980	44541	79069
ltr-1_family-1708	5675939	7577736	3620298	5107005
ltr-1_family-1709	223765	242053	177319	209125
ltr-1_family-1710	86332	23196	23060	21766
ltr-1_family-1711	234285	107784	98715	195633
ltr-1_family-1712	90072	368070	130543	311583
ltr-1_family-1713	52285	33342	25170	35839
ltr-1_family-1714	3407014	3951142	2892182	4288032
ltr-1_family-1715	1175928	1225364	909116	1316939
ltr-1_family-1716	464509	612383	389606	480076
ltr-1_family-1717	86616	81056	59453	106161
ltr-1_family-1718	211610	270319	198995	292394
ltr-1_family-1719	42731	22625	16283	19138
ltr-1_family-1720	1160874	1103532	816987	1081746
ltr-1_family-1721	2849776	1700241	1542829	2476008
ltr-1_family-1722	58809	55037	40319	44636
ltr-1_family-1723	1846335	2391153	2067921	4015975
ltr-1_family-1724	180520	136244	126505	148792
ltr-1_family-1725	66066	51944	57357	50954
ltr-1_family-1726	21733304	15676570	11570666	14315076
ltr-1_family-1727	201495	261040	115593	249236
ltr-1_family-1728	143751	70596	83201	81880
ltr-1_family-1729	5294091	4148325	2848590	3548140
ltr-1_family-173	33102	28480	20287	25796
ltr-1_family-1730	338474	328879	296267	346706
ltr-1_family-1731	429057	106623	98227	76713
ltr-1_family-1732	1331305	1315474	1076347	1244728
ltr-1_family-1733	532318	400551	296819	535593
ltr-1_family-1734	77433	742278	173619	39757
ltr-1_family-1735	64408	43138	31594	44831
ltr-1_family-1736	64616	75059	44421	51468
ltr-1_family-1737	106986	96792	64315	86648
ltr-1_family-1738	129142	62461	76961	105895
ltr-1_family-1739	634202	1732430	1400725	1549722
ltr-1_family-174	134868	116865	100677	95062
ltr-1_family-1740	25726	43703	37169	43191
ltr-1_family-1741	35145	38078	23384	29363
ltr-1_family-1742	1827565	1308966	1147241	1218484
ltr-1_family-1743	434443	283126	270469	329655
ltr-1_family-1744	116309	63330	44381	98034
ltr-1_family-1745	239952	143970	112909	166595
ltr-1_family-1746	207929	131290	99883	149229
ltr-1_family-1747	333896	379395	211301	310492
ltr-1_family-1748	2712908	1472298	1268266	1176904
ltr-1_family-1749	7375388	5267082	3923070	5231074
ltr-1_family-175	22392	18036	13191	23253
ltr-1_family-1750	176039	236087	306195	713989
ltr-1_family-1752	28656	66255	36796	46818
ltr-1_family-1753	81750	42344	39826	54847
ltr-1_family-1754	73039	37553	20634	44573
ltr-1_family-1755	151140	154439	84810	138103
ltr-1_family-1756	629682	929749	2563174	681104
ltr-1_family-1757	255530	187372	155008	182768
ltr-1_family-1758	24046	19780	15655	27665
ltr-1_family-1759	165053	132228	109743	134319
ltr-1_family-176	61700	43764	33968	44085
ltr-1_family-1761	83578	88421	72680	96606
ltr-1_family-1762	105806	60273	58717	42978
ltr-1_family-1763	32234	29892	19564	23306
ltr-1_family-1764	130620	101793	98665	129695
ltr-1_family-1765	701800	2062105	4799916	3679529
ltr-1_family-1766	2067896	814021	1480872	1384148
ltr-1_family-1767	941847	239342	245442	222787
ltr-1_family-1768	62693	39529	26710	31601
ltr-1_family-1769	48932	18820	21437	30155
ltr-1_family-177	156264	161131	102586	123623
ltr-1_family-1770	693962	627552	550226	531453
ltr-1_family-1771	239520	249293	183854	272752
ltr-1_family-1772	42561	25699	23789	31572
ltr-1_family-1773	57681	40342	28648	33404
ltr-1_family-1774	24450	20136	16170	18942
ltr-1_family-1775	126577	109030	78575	55598
ltr-1_family-1776	2202579	1544959	1436978	2076253
ltr-1_family-1777	1591469	1657681	986040	917276
ltr-1_family-1778	9628623	11170273	11733962	22235211
ltr-1_family-1779	2174401	502874	711379	887398
ltr-1_family-178	25568	12664	11964	13017
ltr-1_family-1781	511614	451275	441972	426262
ltr-1_family-1782	4935080	10106115	5498090	6725644
ltr-1_family-1783	663647	652191	403129	564629
ltr-1_family-1784	121341	88857	78523	92960
ltr-1_family-1785	69539	89347	60634	88458
ltr-1_family-1786	103202	65623	47606	67489
ltr-1_family-1787	556612	743507	442483	546357
ltr-1_family-1788	78262	34620	28450	39014
ltr-1_family-1789	77072	49550	41869	62131
ltr-1_family-179	791506	1720291	739891	1127544
ltr-1_family-1790	321300	267649	218340	279993
ltr-1_family-1791	217904	223980	157924	211165
ltr-1_family-1792	35278	87644	47445	45439
ltr-1_family-1793	365855	226407	176408	243929
ltr-1_family-1795	173985	137443	89775	164327
ltr-1_family-1796	211146	205362	179941	321122
ltr-1_family-1797	214623	233980	161858	212672
ltr-1_family-1798	25538	16762	12921	21976
ltr-1_family-18	302887	716788	564428	638169
ltr-1_family-1800	69497	37365	44935	46635
ltr-1_family-1801	235622	213221	172116	211026
ltr-1_family-1802	493165	460326	316837	525211
ltr-1_family-1803	2728328	2234290	2208364	2374276
ltr-1_family-1804	62384	33899	23843	33283
ltr-1_family-1805	38430	32608	38165	35685
ltr-1_family-1806	425793	318165	279121	286279
ltr-1_family-1807	68733	68216	43365	105733
ltr-1_family-1808	284275	187658	181749	234844
ltr-1_family-1810	78545	104871	64122	114329
ltr-1_family-1811	97617	153697	93441	172656
ltr-1_family-1812	27921	111406	40629	77297
ltr-1_family-1813	204923	193777	141571	173409
ltr-1_family-1814	2347757	2158040	1225216	1449167
ltr-1_family-1816	327882	2792743	870165	1423536
ltr-1_family-1817	603316	1520869	673848	2938643
ltr-1_family-1818	1431082	1106084	1149826	1454904
ltr-1_family-1819	46094	28696	28004	27311
ltr-1_family-1820	2022524	1765810	1371773	1721782
ltr-1_family-1821	715699	496581	387807	514103
ltr-1_family-1822	1293466	4301326	2838256	2663899
ltr-1_family-1823	2388261	5962653	7872227	10289300
ltr-1_family-1824	262287	196544	164846	259710
ltr-1_family-1825	472499	274781	123620	401176
ltr-1_family-1826	212902	337608	233687	336662
ltr-1_family-1827	153438	115252	102093	127136
ltr-1_family-1828	46419	18251	16313	24653
ltr-1_family-1829	40874	25154	19924	22661
ltr-1_family-183	32228	34218	24468	30285
ltr-1_family-1830	1254767	1585135	893484	1307305
ltr-1_family-1832	1705118	1647677	1299232	1659643
ltr-1_family-1833	79044	122525	96320	97586
ltr-1_family-1835	46833	33622	31409	37727
ltr-1_family-1836	815889	644966	479805	609906
ltr-1_family-1837	47240	19225	22090	28759
ltr-1_family-1838	26768	18103	12564	25100
ltr-1_family-1839	1240457	1209006	810176	945691
ltr-1_family-184	697235	297068	206200	294940
ltr-1_family-1840	7521326	2664443	2650733	3695781
ltr-1_family-1841	139441	143428	95188	185419
ltr-1_family-1842	34580	29561	18418	21066
ltr-1_family-1843	113503	63435	51273	66227
ltr-1_family-1844	25909	25513	20681	27799
ltr-1_family-1845	82802	81382	67299	77940
ltr-1_family-1846	27836	18163	15085	17617
ltr-1_family-1848	147407	157381	143071	135183
ltr-1_family-1849	202913	146782	95023	104229
ltr-1_family-185	1953938	1596056	1225086	1617862
ltr-1_family-1850	51245	49055	36119	41259
ltr-1_family-1851	255108	268678	190877	290461
ltr-1_family-1852	309397	235082	208882	200971
ltr-1_family-1853	596296	799422	588801	751107
ltr-1_family-1854	8229915	6720729	5062642	7251904
ltr-1_family-1855	276605	335774	241701	312376
ltr-1_family-1856	1070717	841362	694266	899871
ltr-1_family-1857	71577	59755	51844	65426
ltr-1_family-1858	192561	119911	99301	106107
ltr-1_family-1859	98970	185831	56745	148579
ltr-1_family-1860	36432	28064	26934	18758
ltr-1_family-1861	231637	155864	134354	185336
ltr-1_family-1862	31918	26200	21813	41122
ltr-1_family-1863	68181	54988	41836	60222
ltr-1_family-1864	39639	29025	13767	30802
ltr-1_family-1866	307792	254581	130634	304938
ltr-1_family-1867	63303	97093	72081	77921
ltr-1_family-1868	1088009	1812494	4780901	3258177
ltr-1_family-1869	142464	103146	92447	94479
ltr-1_family-187	59397	53630	51563	49229
ltr-1_family-1870	68373	46570	37747	45341
ltr-1_family-1871	128478	112619	72234	122393
ltr-1_family-1872	71872	36112	28341	33401
ltr-1_family-1873	41131	21850	15348	27982
ltr-1_family-1874	175265	73791	48072	94006
ltr-1_family-1875	91468	169902	74343	123108
ltr-1_family-1876	194064	128734	119753	140255
ltr-1_family-1877	79030	65906	72426	72706
ltr-1_family-1878	48223	75330	55208	36350
ltr-1_family-1879	135281	145551	90869	133892
ltr-1_family-188	24578	17858	16145	26442
ltr-1_family-1881	81206	42484	32719	48810
ltr-1_family-1882	1797902	1344740	1073481	1354108
ltr-1_family-1883	49888	48554	41675	45773
ltr-1_family-1884	12149998	5305191	5148057	4913012
ltr-1_family-1885	66704	41973	50936	38182
ltr-1_family-1886	616421	1342231	690672	1066002
ltr-1_family-1887	312789	314101	329625	375362
ltr-1_family-1888	74183	413245	105948	561858
ltr-1_family-1889	19722	21139	19875	21748
ltr-1_family-1890	57644	80863	39038	58043
ltr-1_family-1892	52922	383022	50490	48426
ltr-1_family-1893	9082031	5474459	4649280	5259207
ltr-1_family-1894	127901	84473	86467	100131
ltr-1_family-1895	50618	47340	35461	46632
ltr-1_family-1896	116849	147453	179662	154924
ltr-1_family-1897	86836	60139	46126	52871
ltr-1_family-1898	150680	114901	106797	132161
ltr-1_family-1899	53393	24064	15205	23964
ltr-1_family-19	465967	579458	587516	560055
ltr-1_family-190	41441	57075	38252	45126
ltr-1_family-1900	231265	179488	159231	255896
ltr-1_family-1901	29826	25564	15191	22502
ltr-1_family-1902	1643483	1250640	1047904	1505981
ltr-1_family-1904	144558	104998	73651	91668
ltr-1_family-1906	235661	440277	222316	234128
ltr-1_family-1907	457254	405206	211988	683733
ltr-1_family-1908	177585	102471	95452	109809
ltr-1_family-191	2829691	1751427	2455129	1961866
ltr-1_family-192	650843	347971	300282	385612
ltr-1_family-193	165269	134591	119246	118285
ltr-1_family-194	27724	32299	19226	34424
ltr-1_family-195	36096	19879	14769	18398
ltr-1_family-196	170248	134173	97001	148401
ltr-1_family-198	132679	129231	94106	115439
ltr-1_family-2	20430	23025	15855	27663
ltr-1_family-200	33785	33278	35716	43010
ltr-1_family-201	632149	318178	455624	251012
ltr-1_family-202	12767	36268	26873	37904
ltr-1_family-204	335816	960622	321413	437777
ltr-1_family-205	52693	30527	24469	34678
ltr-1_family-206	35605	57378	38806	72038
ltr-1_family-21	17620	17838	11745	14781
ltr-1_family-210	1218198	743919	613156	703142
ltr-1_family-211	843483	479522	349846	732063
ltr-1_family-214	79798	83751	125265	103803
ltr-1_family-219	91759	70482	46699	58625
ltr-1_family-22	416335	395798	304809	409450
ltr-1_family-221	28488	24535	14649	22777
ltr-1_family-222	167870	1777637	1150727	1161067
ltr-1_family-223	29579	21647	13529	21175
ltr-1_family-224	96970	68832	54638	71178
ltr-1_family-225	28565	23607	24492	31931
ltr-1_family-226	122704	90069	75786	89586
ltr-1_family-227	472595	274620	226951	265971
ltr-1_family-228	29614	26022	15107	22084
ltr-1_family-230	176723	113656	84851	127462
ltr-1_family-232	262631	455473	304635	409512
ltr-1_family-234	174298	191973	127431	164899
ltr-1_family-236	12595	27598	16507	12391
ltr-1_family-238	35826	29651	21430	26429
ltr-1_family-239	428795	417353	293202	351621
ltr-1_family-24	185831	146305	127152	132738
ltr-1_family-240	25661	15395	21831	20929
ltr-1_family-241	137470	121610	85269	103098
ltr-1_family-242	46200	65824	37373	74086
ltr-1_family-243	21335	17257	14690	21784
ltr-1_family-244	32338	88395	61943	89138
ltr-1_family-245	22511	18674	18139	20855
ltr-1_family-246	201636	160208	118941	148667
ltr-1_family-249	128576	243146	108114	244999
ltr-1_family-251	627704	407683	329177	384384
ltr-1_family-252	135915	124890	79595	104260
ltr-1_family-255	20336	15910	10353	12236
ltr-1_family-258	31576	37404	26598	36840
ltr-1_family-259	261142	175509	150620	178703
ltr-1_family-260	38028	17918	16252	23357
ltr-1_family-261	26764	18574	12037	21789
ltr-1_family-262	126907	130367	90161	135799
ltr-1_family-263	404989	15695	45361	22888
ltr-1_family-264	577057	667710	506207	725450
ltr-1_family-267	14442	17433	17590	22126
ltr-1_family-269	3017318	1387277	1261108	1784419
ltr-1_family-27	2776169	2750092	1779022	2414546
ltr-1_family-270	13825	15865	13069	15341
ltr-1_family-271	52770	18981	18164	23033
ltr-1_family-273	49137	40586	27563	40935
ltr-1_family-274	34986	39476	23412	48543
ltr-1_family-275	859350	883664	668141	997867
ltr-1_family-276	33966	31196	26662	40627
ltr-1_family-278	21120	11727	11573	14732
ltr-1_family-279	26342	25736	21458	21585
ltr-1_family-28	37529	41317	25567	36663
ltr-1_family-280	176737	200267	143895	194450
ltr-1_family-281	6320553	5449671	3952547	4499906
ltr-1_family-282	350546	179203	120298	267141
ltr-1_family-283	5606645	2991922	3233282	1759166
ltr-1_family-284	38026	39034	27538	34387
ltr-1_family-286	31938	19142	17614	23245
ltr-1_family-290	307958	452564	392823	290519
ltr-1_family-291	4962138	1489894	2165806	1716330
ltr-1_family-292	1493907	279351	680678	348190
ltr-1_family-294	16739	18750	23304	17460
ltr-1_family-295	24625	22619	13652	20838
ltr-1_family-296	87295	65249	58844	64528
ltr-1_family-297	60894	53962	34586	49179
ltr-1_family-30	989984	2596890	1320158	2546951
ltr-1_family-300	47202	42152	53378	33015
ltr-1_family-302	72841	55970	47965	56158
ltr-1_family-303	13602	11750	13226	11268
ltr-1_family-305	104614	86993	74184	73973
ltr-1_family-308	128228	147454	102421	137328
ltr-1_family-309	104250	89977	73817	85771
ltr-1_family-31	220093	248287	182359	178908
ltr-1_family-310	47965	34212	31936	28715
ltr-1_family-314	376201	170384	154571	164211
ltr-1_family-315	37166	45618	23159	32293
ltr-1_family-316	457435	350182	609589	264149
ltr-1_family-318	70751	88983	56657	80535
ltr-1_family-319	75895	132584	72948	92219
ltr-1_family-320	29187	25822	27134	29912
ltr-1_family-321	25291	23302	16259	22460
ltr-1_family-322	26706	14781	14409	16844
ltr-1_family-323	2151727	1601722	1473468	2197144
ltr-1_family-324	183619	145270	98093	139235
ltr-1_family-329	26863	28052	19615	25854
ltr-1_family-33	51848	32302	22776	48772
ltr-1_family-332	35571	21407	27545	29643
ltr-1_family-334	4790754	1835866	2351192	1992442
ltr-1_family-335	81594	82877	51640	155187
ltr-1_family-336	733997	169964	126661	176168
ltr-1_family-337	29561	18220	20043	15165
ltr-1_family-338	374318	292031	198105	374396
ltr-1_family-339	2355802	2412977	1774172	3124251
ltr-1_family-340	34246	19587	17902	20045
ltr-1_family-341	60431	69163	45105	55193
ltr-1_family-343	47511	19566	24749	21659
ltr-1_family-345	56253	39157	38962	48084
ltr-1_family-346	460057	562417	468009	540665
ltr-1_family-348	22390	27234	23789	18312
ltr-1_family-352	20955	19828	20358	23934
ltr-1_family-353	159027	90516	52353	102598
ltr-1_family-354	77173	14336	13047	18253
ltr-1_family-355	11591	18212	10062	21040
ltr-1_family-356	405238	337366	241213	322525
ltr-1_family-358	17711	25442	14411	18149
ltr-1_family-36	15937	33895	21062	47567
ltr-1_family-361	19294	16880	10359	18243
ltr-1_family-362	44228	72620	41421	64649
ltr-1_family-364	106505	78994	66050	74148
ltr-1_family-365	33922	29994	19712	39528
ltr-1_family-367	31114	40607	30457	35644
ltr-1_family-368	26923	30080	22183	26360
ltr-1_family-37	14812	20592	16638	14701
ltr-1_family-370	85254	21332	25601	34813
ltr-1_family-371	16352	15371	13738	19181
ltr-1_family-372	300468	237349	179993	216836
ltr-1_family-374	45690	42811	31498	25106
ltr-1_family-376	30123	46121	29380	28759
ltr-1_family-379	80411	72850	59285	68986
ltr-1_family-38	34431	24932	18644	23515
ltr-1_family-380	18120	21127	13058	27419
ltr-1_family-381	33432	49401	28138	36010
ltr-1_family-382	27505	15317	18493	19893
ltr-1_family-387	38237	38905	26591	32641
ltr-1_family-389	56629	80902	43457	70660
ltr-1_family-39	42130	31945	29224	36910
ltr-1_family-392	1870185	1422914	1113622	1761108
ltr-1_family-393	43667	43749	25859	32508
ltr-1_family-396	1172061	1374264	763445	1374054
ltr-1_family-397	85513	77011	48726	67460
ltr-1_family-399	17516	17945	15522	11733
ltr-1_family-40	190532	296243	163927	247245
ltr-1_family-400	48532	89960	67238	72751
ltr-1_family-401	13838	16444	17598	20373
ltr-1_family-402	175530	108001	80384	84819
ltr-1_family-404	22750	20218	14223	18168
ltr-1_family-405	14919	14337	14110	16719
ltr-1_family-406	56435	38603	35638	43500
ltr-1_family-409	12445	13544	12301	13780
ltr-1_family-41	11675	12300	12197	18453
ltr-1_family-412	63053	106626	46701	81218
ltr-1_family-414	684498	716533	583078	722375
ltr-1_family-415	142780	111733	105225	93408
ltr-1_family-416	47916	42071	32390	47427
ltr-1_family-418	4666781	4487196	4193688	4704760
ltr-1_family-419	25333	24751	15586	19833
ltr-1_family-42	26214	28396	16816	23937
ltr-1_family-422	35435	25230	15661	18731
ltr-1_family-424	24995	20009	18633	16513
ltr-1_family-426	198676	167844	129312	180311
ltr-1_family-429	21794	19201	13255	13600
ltr-1_family-43	61580	72395	69904	73856
ltr-1_family-433	17530	29976	15501	23381
ltr-1_family-434	14494	17057	10729	13736
ltr-1_family-435	60503	41199	29508	25570
ltr-1_family-436	24741	15414	10380	26884
ltr-1_family-437	14369	10928	13019	14301
ltr-1_family-439	28740	15989	15792	26106
ltr-1_family-441	208554	104337	53027	36807
ltr-1_family-442	135470	103872	56431	120987
ltr-1_family-443	113559	37250	10607	68166
ltr-1_family-444	507601	709797	206962	424116
ltr-1_family-445	14162	17159	13547	17592
ltr-1_family-446	43613	35341	19179	21040
ltr-1_family-447	165553	142508	97907	119183
ltr-1_family-448	29003	17201	17485	27155
ltr-1_family-449	23634	19796	14746	16814
ltr-1_family-45	24421	19225	15675	23157
ltr-1_family-451	771394	1827443	1113000	1564683
ltr-1_family-456	51241	46551	42710	46396
ltr-1_family-457	10435	11949	10826	10595
ltr-1_family-459	21540	17473	15533	16179
ltr-1_family-46	443250	360561	358445	377465
ltr-1_family-460	87996	16210	15176	45887
ltr-1_family-461	51740	39749	33516	48827
ltr-1_family-462	241348	164992	169279	195593
ltr-1_family-465	17826	12175	11431	18361
ltr-1_family-467	885849	1708406	768288	4386748
ltr-1_family-468	16781	15971	10714	17425
ltr-1_family-469	24974	15127	10532	15281
ltr-1_family-470	25157	30040	21182	36105
ltr-1_family-471	15960	12715	11332	13479
ltr-1_family-473	65466	33979	34088	44521
ltr-1_family-474	16703	21334	17483	39945
ltr-1_family-475	94645	81428	61424	77532
ltr-1_family-477	5060327	3468649	2765317	3491941
ltr-1_family-478	34848	35233	38729	34080
ltr-1_family-480	24476	14111	13828	20151
ltr-1_family-481	27040	21138	14851	17630
ltr-1_family-482	35535	30861	24944	29869
ltr-1_family-483	83499	44924	46406	50834
ltr-1_family-484	20027	17871	14139	10091
ltr-1_family-485	2794415	2252623	1681882	2585879
ltr-1_family-486	12720	15256	14034	13804
ltr-1_family-488	36390	29321	19996	33365
ltr-1_family-49	572654	2977745	1474958	4559164
ltr-1_family-490	15178	13907	12242	12572
ltr-1_family-491	21401	22933	17192	25753
ltr-1_family-492	106327	78289	66119	91148
ltr-1_family-493	18005	24933	18327	25391
ltr-1_family-495	19017	20189	12040	25354
ltr-1_family-496	50876	67822	40812	57893
ltr-1_family-498	167663	114251	77065	52347
ltr-1_family-499	124041	131952	93860	111529
ltr-1_family-50	34794	31238	23429	49718
ltr-1_family-501	112857	178018	97496	167223
ltr-1_family-505	118607	40314	73138	60843
ltr-1_family-506	105463	115852	74075	125011
ltr-1_family-507	50864	62839	39388	63891
ltr-1_family-508	87393	56300	66050	83373
ltr-1_family-509	61321	69076	61822	61283
ltr-1_family-51	105883	97982	84035	95839
ltr-1_family-510	24082	20229	17810	19076
ltr-1_family-511	28727	18910	13077	18345
ltr-1_family-512	1392850	1017804	833302	1084684
ltr-1_family-513	30730	22657	17107	34223
ltr-1_family-515	271725	239101	184950	257028
ltr-1_family-517	190782	207256	150038	136861
ltr-1_family-518	26526	20748	13194	27684
ltr-1_family-519	19585	18741	14838	19886
ltr-1_family-52	22359	21249	15334	21397
ltr-1_family-522	3265139	2213547	1610763	2034744
ltr-1_family-524	36844	24603	23035	29187
ltr-1_family-527	79255	88479	57654	62308
ltr-1_family-528	140849	90911	77591	84784
ltr-1_family-529	51096	44314	44226	63133
ltr-1_family-53	451253	366622	281492	364554
ltr-1_family-532	19871	25943	16023	22234
ltr-1_family-533	51082	40207	36796	40313
ltr-1_family-538	16900	29541	20112	25641
ltr-1_family-540	479997	450914	364804	602571
ltr-1_family-542	29623	32327	28618	31326
ltr-1_family-543	38259	50806	31167	34915
ltr-1_family-544	17681	17485	12002	16348
ltr-1_family-545	93656	72923	50738	70259
ltr-1_family-549	21910	14809	17057	20956
ltr-1_family-551	251473	151852	125037	142072
ltr-1_family-553	44575	28401	39059	50405
ltr-1_family-554	10456	14758	10282	12638
ltr-1_family-556	20028	14013	13349	18555
ltr-1_family-557	26852	29062	25427	31410
ltr-1_family-558	100084	86784	79590	77995
ltr-1_family-56	15578	21007	11222	24028
ltr-1_family-560	19846	31365	32072	42886
ltr-1_family-561	68318	85128	53751	81741
ltr-1_family-562	88921	60781	55332	42723
ltr-1_family-563	13386	17622	12981	17177
ltr-1_family-564	33632	35357	21240	22295
ltr-1_family-566	32352	27123	19051	24252
ltr-1_family-567	20384	19032	12560	25537
ltr-1_family-568	13943	12107	10321	12742
ltr-1_family-57	1758966	1679661	1453587	2157898
ltr-1_family-572	34516	23252	15309	20624
ltr-1_family-574	22948	18823	11847	17234
ltr-1_family-575	17300	47828	42499	33088
ltr-1_family-576	349665	226306	188430	228481
ltr-1_family-578	44788	172405	126264	41864
ltr-1_family-579	30041	28893	21238	32187
ltr-1_family-58	43147	65208	28221	71836
ltr-1_family-581	3308843	6207418	2716825	4666432
ltr-1_family-585	22087	11552	13180	22677
ltr-1_family-587	40014	43745	35804	67858
ltr-1_family-588	28207	20971	19065	33025
ltr-1_family-59	1174631	684575	567969	650961
ltr-1_family-590	21852	15895	14638	20344
ltr-1_family-591	17304	14124	16085	18299
ltr-1_family-592	21276	15818	15601	19433
ltr-1_family-594	24392	29403	16885	28209
ltr-1_family-597	4776863	3918599	2851722	3735970
ltr-1_family-598	36321	53978	20348	54233
ltr-1_family-601	15351	13246	10373	14076
ltr-1_family-602	21945	21054	17852	30618
ltr-1_family-603	104854	83008	63015	78139
ltr-1_family-604	94741	63861	54922	64775
ltr-1_family-605	49798	42152	24588	42106
ltr-1_family-606	40393	29437	25983	32410
ltr-1_family-607	20619	28344	18771	25806
ltr-1_family-608	17433	22435	13424	28336
ltr-1_family-609	24384	16353	16256	16097
ltr-1_family-61	21499	16145	12774	13144
ltr-1_family-612	13242	11160	10329	10406
ltr-1_family-613	49030	41080	30479	48473
ltr-1_family-614	21894	17448	14336	14608
ltr-1_family-615	38641	43522	37693	44512
ltr-1_family-616	46792	33575	24101	34808
ltr-1_family-617	130501	134530	95203	126056
ltr-1_family-619	23440	18126	12772	18248
ltr-1_family-62	68487	70954	45282	73805
ltr-1_family-622	47469	62891	37093	50122
ltr-1_family-623	385443	386626	320032	369717
ltr-1_family-625	19708	25829	29108	23147
ltr-1_family-627	4510865	1306335	1705399	533440
ltr-1_family-629	612143	364577	488512	566907
ltr-1_family-63	60650	262020	71033	125412
ltr-1_family-631	31287	33204	23041	32156
ltr-1_family-634	26971	38336	24219	31116
ltr-1_family-635	18751	16759	14095	12285
ltr-1_family-636	88792	56777	42958	50660
ltr-1_family-637	93747	59348	54695	57302
ltr-1_family-638	18444	11221	11798	16123
ltr-1_family-64	57952	36783	32411	40298
ltr-1_family-640	1721736	1124186	841239	1174794
ltr-1_family-641	21658	23792	31253	38892
ltr-1_family-644	24633	11272	14995	11408
ltr-1_family-645	37320	33694	29804	46340
ltr-1_family-646	19785	37290	25143	28146
ltr-1_family-647	58466	41965	32712	38841
ltr-1_family-648	20552	11840	19476	19885
ltr-1_family-649	16798	27007	12808	24286
ltr-1_family-65	573723	2376545	1111737	3037198
ltr-1_family-650	10163	14887	11452	15618
ltr-1_family-651	117025	57219	32802	63879
ltr-1_family-654	49233	37888	25420	26141
ltr-1_family-655	558677	900316	685881	835165
ltr-1_family-656	1100196	310285	360648	474906
ltr-1_family-657	33529	517719	77941	99971
ltr-1_family-659	57816	49747	59352	65820
ltr-1_family-660	47665	34463	29503	33919
ltr-1_family-663	99296	110731	85978	132201
ltr-1_family-664	433740	823525	303808	437516
ltr-1_family-665	3642837	3414072	4380551	4990360
ltr-1_family-666	121851	128579	93649	126100
ltr-1_family-667	24350	32653	19000	28307
ltr-1_family-668	91814	107319	98778	78938
ltr-1_family-669	836544	713394	658210	691499
ltr-1_family-671	152634	202928	114440	274648
ltr-1_family-674	642081	1113579	626891	846011
ltr-1_family-675	1041669	715365	756917	760347
ltr-1_family-676	117948	58022	49593	57044
ltr-1_family-677	56928	680259	15731	329865
ltr-1_family-678	73733	125990	65450	78868
ltr-1_family-68	69555	78373	72381	85134
ltr-1_family-680	163851	285685	183837	197138
ltr-1_family-681	757279	1168229	734915	1070114
ltr-1_family-682	771407	773258	802516	831025
ltr-1_family-683	44624	23903	23884	24523
ltr-1_family-686	1076469	1031253	837523	1697974
ltr-1_family-687	477834	167913	128799	128790
ltr-1_family-688	10278	38691	16461	23160
ltr-1_family-689	435941	439149	349458	423213
ltr-1_family-690	69934	37967	33885	45702
ltr-1_family-691	190341	149379	110168	136976
ltr-1_family-692	12261	21627	17758	15123
ltr-1_family-693	4089212	3674416	2709622	3685391
ltr-1_family-694	18820	50623	60037	46042
ltr-1_family-696	2089211	1125012	1118989	1157182
ltr-1_family-697	319775	227623	163779	284268
ltr-1_family-698	295288	256954	207943	276323
ltr-1_family-699	59825	192413	34696	53339
ltr-1_family-7	515648	468168	406850	413569
ltr-1_family-70	4235379	5393790	6741354	3959890
ltr-1_family-700	1230609	771321	831877	1307598
ltr-1_family-701	4153134	2689695	1729196	2288967
ltr-1_family-702	32868	35497	25582	33580
ltr-1_family-703	10534	16500	22477	20016
ltr-1_family-704	139204	93989	81554	85502
ltr-1_family-705	511387	263494	351502	302288
ltr-1_family-706	163540	164513	111708	182067
ltr-1_family-707	246256	553631	349502	332257
ltr-1_family-708	95391	80226	44266	68206
ltr-1_family-709	3557987	3174958	2065765	2211765
ltr-1_family-71	33461	19265	17854	15781
ltr-1_family-710	655236	726933	563551	697898
ltr-1_family-711	80090	59458	36376	50816
ltr-1_family-712	358569	310520	237367	355790
ltr-1_family-713	4718969	2926220	2314539	2993358
ltr-1_family-714	2205959	1280735	1289843	1420517
ltr-1_family-715	65017	47550	36131	33296
ltr-1_family-716	456961	185544	511835	603470
ltr-1_family-717	68506	128289	34236	159038
ltr-1_family-718	24049	19420	42832	32967
ltr-1_family-719	518731	503257	358981	594635
ltr-1_family-72	21208	15922	10011	15838
ltr-1_family-720	1425642	886586	756077	837629
ltr-1_family-723	43981	42498	31704	44481
ltr-1_family-724	25585	19941	16629	15288
ltr-1_family-725	131625	132263	103264	164334
ltr-1_family-726	324927	191655	143523	296441
ltr-1_family-727	2896375	3340247	2520798	3364917
ltr-1_family-728	128022	166490	129235	204572
ltr-1_family-729	103532	133384	90915	125727
ltr-1_family-73	43165	37604	33445	34604
ltr-1_family-730	76642	70152	47241	60725
ltr-1_family-731	705474	746336	729697	768365
ltr-1_family-732	39671	60873	47612	34402
ltr-1_family-733	85700	71838	43791	83743
ltr-1_family-734	417293	311277	239214	296055
ltr-1_family-736	18918	36983	18136	25468
ltr-1_family-737	118713	75225	61589	66615
ltr-1_family-738	114791	110263	118527	132393
ltr-1_family-739	916300	934242	627767	833554
ltr-1_family-74	45577	26494	26189	37121
ltr-1_family-740	2846109	1149636	896882	1178503
ltr-1_family-741	2108031	1819797	1288948	1862863
ltr-1_family-742	152291	173061	126582	152643
ltr-1_family-743	31820	27707	22146	28387
ltr-1_family-744	230329	155115	163288	159417
ltr-1_family-745	120931	98390	84242	95855
ltr-1_family-746	51056	25411	37981	58302
ltr-1_family-747	105089	85410	50703	101510
ltr-1_family-748	2379907	2550048	1893792	2997172
ltr-1_family-749	405998	390625	387450	436805
ltr-1_family-75	26673	15336	12436	16487
ltr-1_family-750	184531	79464	71855	82795
ltr-1_family-751	24168	21016	25289	11738
ltr-1_family-752	1541690	1328055	965035	1303711
ltr-1_family-753	607658	570295	531613	589192
ltr-1_family-755	438332	316233	261429	403778
ltr-1_family-756	646280	598053	506456	594730
ltr-1_family-757	292985	258692	216972	277182
ltr-1_family-758	127106	83540	89319	81306
ltr-1_family-759	173470	111839	59914	117711
ltr-1_family-76	2621273	2124688	1730525	2088937
ltr-1_family-760	111695	140408	96119	190229
ltr-1_family-761	49154	50560	50362	67079
ltr-1_family-762	1090076	801953	699413	881514
ltr-1_family-763	148395	78167	85867	213791
ltr-1_family-764	319410	377777	234609	343663
ltr-1_family-765	495577	336917	236686	361096
ltr-1_family-767	32171	25622	15323	12115
ltr-1_family-768	3346592	1477942	1950285	5016678
ltr-1_family-769	935471	531421	391679	511992
ltr-1_family-77	39352	44830	29664	47477
ltr-1_family-770	76134	62827	53386	58966
ltr-1_family-771	211486	177071	133587	152340
ltr-1_family-772	484540	568336	313751	349330
ltr-1_family-773	64419	67890	49883	89520
ltr-1_family-774	78542	52372	30009	75795
ltr-1_family-775	601505	562853	265654	705434
ltr-1_family-776	51468	72027	50049	69138
ltr-1_family-777	7324000	5230634	5095969	7256056
ltr-1_family-778	53448	37188	26050	44882
ltr-1_family-779	28943	29824	21949	29199
ltr-1_family-78	179361	84452	74472	64525
ltr-1_family-781	81505	90064	52061	83447
ltr-1_family-782	26536	35370	22905	26710
ltr-1_family-783	69577	47028	85887	37358
ltr-1_family-784	881065	567364	444457	560865
ltr-1_family-785	137165	168627	91816	152900
ltr-1_family-786	80725	70498	69812	96475
ltr-1_family-787	75463	152030	92719	127272
ltr-1_family-788	214429	173001	147839	130039
ltr-1_family-789	62649	85499	118520	123550
ltr-1_family-79	21297	25558	18705	28296
ltr-1_family-790	207680	102377	181092	218056
ltr-1_family-791	374973	228910	241906	305298
ltr-1_family-792	43695	22402	26227	30737
ltr-1_family-793	39891	18424	20155	22931
ltr-1_family-794	68723	87621	54075	86883
ltr-1_family-795	51755	114330	36880	100299
ltr-1_family-796	409396	499296	421260	484787
ltr-1_family-797	32029	117707	60703	72223
ltr-1_family-798	273617	577711	708198	1415489
ltr-1_family-799	162138	164536	111774	176664
ltr-1_family-8	54102	69250	67443	49779
ltr-1_family-801	408848	554836	263373	572689
ltr-1_family-804	28000	22971	16451	24495
ltr-1_family-805	83182	62756	56369	45929
ltr-1_family-806	101167	117549	61533	82460
ltr-1_family-807	50680	43296	31932	52385
ltr-1_family-808	64501	61456	55109	54774
ltr-1_family-809	215173	317733	142800	260725
ltr-1_family-81	25429	28937	23146	25131
ltr-1_family-811	278828	300566	202734	235623
ltr-1_family-813	267652	237497	176501	220409
ltr-1_family-814	46892	51409	54047	46257
ltr-1_family-815	186696	280813	125203	288169
ltr-1_family-816	62960	64868	43807	84685
ltr-1_family-817	24067	18789	16960	20996
ltr-1_family-818	52882	24040	28346	32580
ltr-1_family-819	28892	14579	10798	14080
ltr-1_family-82	34418	46790	23139	34999
ltr-1_family-821	193031	172084	111316	175588
ltr-1_family-823	29792	38983	20548	31975
ltr-1_family-824	33759	24053	22396	33086
ltr-1_family-825	2349967	1555514	1260147	1626705
ltr-1_family-826	561034	253522	416147	524775
ltr-1_family-828	48088	33815	24112	32672
ltr-1_family-829	47131	22009	21022	34769
ltr-1_family-83	41463	37229	32444	42292
ltr-1_family-830	26169	46302	24454	28325
ltr-1_family-831	151773	160726	123528	142372
ltr-1_family-832	1201896	886711	788574	987626
ltr-1_family-833	166315	158955	129454	182515
ltr-1_family-834	57883	37405	32464	34968
ltr-1_family-835	46638	58724	24804	50591
ltr-1_family-836	73836	91431	61634	75645
ltr-1_family-837	1580549	1338753	1112384	996293
ltr-1_family-838	22106	17840	15398	25520
ltr-1_family-839	362858	298506	280002	328769
ltr-1_family-84	57607	46391	48032	42958
ltr-1_family-840	1131722	1521922	1667354	1322212
ltr-1_family-841	2583924	5136927	2465558	4543669
ltr-1_family-842	47285	38603	50796	28658
ltr-1_family-843	21875	24457	24409	30629
ltr-1_family-844	786397	766783	647599	669060
ltr-1_family-845	13066	31095	18363	28163
ltr-1_family-846	16607	46540	25042	22447
ltr-1_family-847	44143	41156	31127	40460
ltr-1_family-848	99829	41631	60313	69557
ltr-1_family-849	57962	31820	30166	40595
ltr-1_family-85	793292	571283	549031	771236
ltr-1_family-850	32318	22332	18877	19758
ltr-1_family-851	261629	143049	128177	152691
ltr-1_family-852	41251	28638	14529	19875
ltr-1_family-854	1016969	1280706	812977	3129708
ltr-1_family-855	347735	196655	184136	222032
ltr-1_family-856	198969	212223	99355	131320
ltr-1_family-857	723822	714708	542872	687324
ltr-1_family-858	65669	45874	29368	46570
ltr-1_family-859	57547	79664	74053	61733
ltr-1_family-86	70487	55930	50684	65170
ltr-1_family-860	41577	28213	51415	28859
ltr-1_family-861	380784	622505	352638	712599
ltr-1_family-862	108354	87753	62141	92215
ltr-1_family-863	49451	76210	48441	43711
ltr-1_family-864	259013	186297	135440	175099
ltr-1_family-865	435789	488887	369132	537625
ltr-1_family-866	413811	452385	349347	410255
ltr-1_family-867	1127552	1242018	833122	1696364
ltr-1_family-868	565238	508695	413553	398957
ltr-1_family-869	32480	25992	21396	27499
ltr-1_family-87	22396	23156	17692	18226
ltr-1_family-870	97782	86460	72375	82730
ltr-1_family-871	189726	156232	120993	193374
ltr-1_family-872	743696	577530	493088	521941
ltr-1_family-873	96791	53342	69551	72943
ltr-1_family-874	330598	387890	235437	420883
ltr-1_family-876	115412	88847	69305	89238
ltr-1_family-877	4208199	4266758	3389066	4108918
ltr-1_family-878	14897	498565	45935	22560
ltr-1_family-879	166814	122788	61150	104996
ltr-1_family-88	18888	18309	10246	12790
ltr-1_family-880	124266	76393	83327	91021
ltr-1_family-882	146183	122065	140311	151805
ltr-1_family-883	261591	272417	180039	203053
ltr-1_family-884	1520745	448679	975757	668644
ltr-1_family-885	3621480	3544964	3252854	3168135
ltr-1_family-886	39953	41403	25555	28527
ltr-1_family-887	21326	82221	37317	31324
ltr-1_family-888	277349	269289	218286	203306
ltr-1_family-890	121528	60234	47343	45388
ltr-1_family-891	82361	33235	25552	43799
ltr-1_family-892	240023	222648	161171	227925
ltr-1_family-893	78893	60648	45333	50343
ltr-1_family-894	81175	1012758	431559	463984
ltr-1_family-895	289423	250856	244100	338250
ltr-1_family-896	27933	23275	14451	20625
ltr-1_family-897	63568	53644	66481	50259
ltr-1_family-898	48308	34001	26893	43275
ltr-1_family-9	23468	20811	19281	21801
ltr-1_family-90	106217	102047	72730	107539
ltr-1_family-900	49119	51233	41499	68994
ltr-1_family-901	182678	166240	102792	177417
ltr-1_family-902	114267	66658	58054	75003
ltr-1_family-903	26054	22992	13791	24128
ltr-1_family-904	229574	173586	84096	125104
ltr-1_family-905	45928	88722	49210	35148
ltr-1_family-906	159430	95664	80251	123522
ltr-1_family-907	70653	66656	73384	93749
ltr-1_family-908	30069	21922	18006	10905
ltr-1_family-909	134585	154980	120408	123552
ltr-1_family-91	33828	20795	13066	21210
ltr-1_family-910	146863	111858	78245	164046
ltr-1_family-911	396305	747735	543648	648471
ltr-1_family-912	163344	143976	116504	152162
ltr-1_family-913	12475	15909	14776	18394
ltr-1_family-914	42742	22076	24322	38960
ltr-1_family-915	59352	64072	27670	71035
ltr-1_family-916	51910	25326	17288	68212
ltr-1_family-917	203133	2029727	898131	2512463
ltr-1_family-918	50493	66968	36406	59487
ltr-1_family-919	187080	418660	258157	468757
ltr-1_family-920	28676	19412	16350	26672
ltr-1_family-921	121521	95363	80060	121024
ltr-1_family-922	48770	161141	35515	121054
ltr-1_family-923	4026752	3451255	2164795	2965856
ltr-1_family-924	185716	160174	94688	145890
ltr-1_family-925	14536	36487	18327	28926
ltr-1_family-926	147910	202502	105829	255188
ltr-1_family-927	76737	51952	47626	51178
ltr-1_family-928	165032	134030	117271	145848
ltr-1_family-929	106908	76229	62446	75251
ltr-1_family-93	16259	52618	30359	42752
ltr-1_family-930	71200	62557	64172	63034
ltr-1_family-931	55111	55992	50165	55170
ltr-1_family-932	7988440	4918652	4034107	4664209
ltr-1_family-933	4154845	3551792	2901635	3403548
ltr-1_family-934	21216	49403	25881	39826
ltr-1_family-935	1109900	957362	807098	871243
ltr-1_family-936	875815	1269295	669866	1363754
ltr-1_family-937	3987235	1979055	2224505	2615543
ltr-1_family-938	408245	356424	356407	361735
ltr-1_family-940	252006	88601	53551	64821
ltr-1_family-941	144800	134281	106675	123608
ltr-1_family-942	132141	222913	150491	155267
ltr-1_family-943	211285	146476	126541	178778
ltr-1_family-944	134282	101515	117486	114824
ltr-1_family-945	15114	35227	27721	35170
ltr-1_family-946	5350019	6344780	5979453	4810307
ltr-1_family-947	47918	51956	35004	33354
ltr-1_family-948	114763	177387	153070	302765
ltr-1_family-949	32308	26515	27447	24875
ltr-1_family-95	228978	217009	181125	249681
ltr-1_family-950	95990	102429	70693	84892
ltr-1_family-951	80672	59580	41886	52791
ltr-1_family-952	44811	595331	820743	1320452
ltr-1_family-953	119841	84257	85790	108399
ltr-1_family-954	1421597	2206232	1101551	2119754
ltr-1_family-955	38060	238695	26289	206210
ltr-1_family-956	99297	103426	86313	100857
ltr-1_family-958	5904287	6056466	3854558	5064642
ltr-1_family-959	1046485	1153225	870486	1005225
ltr-1_family-96	21828	29966	21072	38271
ltr-1_family-960	53350	58058	29522	52692
ltr-1_family-961	33591	22184	15401	20935
ltr-1_family-962	21155	17055	13804	17280
ltr-1_family-963	430600	360784	271980	704650
ltr-1_family-964	27918	77688	110821	114269
ltr-1_family-965	80661	106719	60785	101110
ltr-1_family-966	288091	344281	298026	452558
ltr-1_family-968	15787	10479	10855	10901
ltr-1_family-969	3198154	2683454	1982895	3669657
ltr-1_family-97	221583	225052	177957	245790
ltr-1_family-970	46098	30736	24450	34956
ltr-1_family-971	50736	62441	41316	74196
ltr-1_family-972	154932	89513	68006	87035
ltr-1_family-973	1617873	1572526	1553873	1754533
ltr-1_family-974	4787850	2742295	2710323	1973299
ltr-1_family-976	626920	734268	519275	441301
ltr-1_family-977	271343	193227	128973	154701
ltr-1_family-978	2050327	2130527	1539348	1742063
ltr-1_family-979	125399	160049	107147	136692
ltr-1_family-980	121675	291241	91618	97407
ltr-1_family-981	41026	37007	41032	35350
ltr-1_family-982	65367	46323	38128	39241
ltr-1_family-983	1795949	3042846	2239734	2766671
ltr-1_family-984	392109	284030	262158	290302
ltr-1_family-985	13448	17266	10935	17136
ltr-1_family-986	24493	17178	11795	14472
ltr-1_family-987	116955	99592	81621	89573
ltr-1_family-988	153900	163825	138751	124558
ltr-1_family-989	462404	831363	134655	3002192
ltr-1_family-990	28231	16716	10540	10753
ltr-1_family-991	74888	42668	34798	42464
ltr-1_family-992	104594	90366	55871	55582
ltr-1_family-994	286288	500846	265859	580159
ltr-1_family-995	106975	62537	43210	63354
ltr-1_family-996	30102	23753	15401	15875
ltr-1_family-997	164768	179865	119854	142998
ltr-1_family-998	455800	290007	262249	359881
ltr-1_family-999	24859	34408	21605	32984
rnd-1_family-0	44085849	60187593	30135509	90913844
rnd-1_family-1	17671927	32426124	16721459	37445523
rnd-1_family-10	115126233	142307638	129917602	128062910
rnd-1_family-100	2005600	2419823	1094412	2715181
rnd-1_family-1000	27464	39478	26654	35936
rnd-1_family-1001	74268	45891	45842	50117
rnd-1_family-1004	230286	145000	116778	141632
rnd-1_family-101	10506904	7932546	5859288	11261763
rnd-1_family-1011	363960	337764	224626	467620
rnd-1_family-1016	79312	69123	49009	61635
rnd-1_family-1018	103978	109075	107162	118905
rnd-1_family-1019	68116	126313	167056	162432
rnd-1_family-1021	33586	35753	27091	59141
rnd-1_family-1024	918463	510733	497118	442484
rnd-1_family-1026	252894	188505	161906	188925
rnd-1_family-1029	96137	73626	45189	116572
rnd-1_family-103	1059327	1929352	1274638	1584556
rnd-1_family-1032	14386	14317	18913	15143
rnd-1_family-1035	398447	342790	283154	333634
rnd-1_family-1038	406154	89354	99920	86417
rnd-1_family-104	4886569	2016907	4211706	4929623
rnd-1_family-1040	1112037	913745	746741	789647
rnd-1_family-1043	479207	421816	289502	393815
rnd-1_family-1044	23584	21164	17488	20264
rnd-1_family-1047	287110	244980	188573	218504
rnd-1_family-1048	99501	59080	65795	47676
rnd-1_family-105	10539391	7497040	10207889	5720837
rnd-1_family-1050	62031	54955	36417	50806
rnd-1_family-1056	6345572	5016481	5001397	4697413
rnd-1_family-1057	2967475	2724628	1906317	2571410
rnd-1_family-1058	1629197	1136648	881476	1029461
rnd-1_family-106	405127	273282	234994	268798
rnd-1_family-1061	805287	504423	419475	534079
rnd-1_family-1062	191910	640890	361313	732922
rnd-1_family-1066	743120	474093	389254	454550
rnd-1_family-1067	59141	49644	42327	48538
rnd-1_family-107	34650622	23249714	19404398	22249648
rnd-1_family-1070	57593	41789	36837	22339
rnd-1_family-1073	90537	109192	108493	123943
rnd-1_family-1075	52580	55988	51453	62851
rnd-1_family-1076	244113	316248	202124	314127
rnd-1_family-1077	26118	25707	17714	24843
rnd-1_family-1078	87467	65691	47936	56658
rnd-1_family-1079	3247733	2573484	2514191	2344763
rnd-1_family-108	1103728	2103984	1341785	1791409
rnd-1_family-1083	228967	201535	143146	178046
rnd-1_family-1088	58963	13767	11934	19675
rnd-1_family-109	36800955	18436602	19795684	17053219
rnd-1_family-1091	324971	411398	310970	406722
rnd-1_family-1092	384479	379827	287327	324696
rnd-1_family-1093	409479	566812	471578	525848
rnd-1_family-1097	175826	198561	126728	190089
rnd-1_family-11	24290288	20188011	15613340	24251653
rnd-1_family-1101	66020	43519	27217	42028
rnd-1_family-1105	267530	104277	75515	96807
rnd-1_family-1107	212543	204976	164298	195987
rnd-1_family-1118	263717	160794	145422	144341
rnd-1_family-112	19597769	19566116	11789240	30840771
rnd-1_family-1123	15746	14240	12583	16277
rnd-1_family-1125	444440	450962	323332	387561
rnd-1_family-1127	14267	47629	24454	36730
rnd-1_family-113	4757892	8102509	5735283	11698250
rnd-1_family-1131	1681899	1295604	966551	1286619
rnd-1_family-1132	14234	12653	11306	14998
rnd-1_family-1133	30884	25857	18252	25692
rnd-1_family-1137	310531	292192	273639	317546
rnd-1_family-1139	75771	103782	57610	70603
rnd-1_family-114	4769776	4822538	3202589	5691799
rnd-1_family-1141	2329639	634028	434397	788236
rnd-1_family-1143	25037	20849	22972	26783
rnd-1_family-1144	461665	259619	178361	207444
rnd-1_family-115	1837640	5442440	3652609	5149789
rnd-1_family-1153	24885	23710	14791	19289
rnd-1_family-1155	137573	114490	118976	87613
rnd-1_family-1162	159257	157447	111276	155289
rnd-1_family-1165	324020	241283	206441	209539
rnd-1_family-1166	641274	384740	314917	343456
rnd-1_family-1167	87348	106409	65110	89559
rnd-1_family-117	3361908	3553455	2268773	3679200
rnd-1_family-118	2776782	3455560	1719318	2600081
rnd-1_family-119	1376766	1199373	754278	1067218
rnd-1_family-12	1893045	6336197	5702190	5665947
rnd-1_family-120	7663841	7928936	5066047	7456043
rnd-1_family-121	601137	633760	398775	745442
rnd-1_family-122	505350	1751419	834242	1586389
rnd-1_family-123	2092179	1216432	1098205	1201924
rnd-1_family-124	4398049	3786976	2681763	4977024
rnd-1_family-125	960708	5763555	7209709	13065982
rnd-1_family-126	2322482	1905238	2023646	2949044
rnd-1_family-127	31985049	45286562	25793413	48840476
rnd-1_family-128	17407	18690	19089	13763
rnd-1_family-129	118634	225922	122807	211920
rnd-1_family-13	60104168	67832500	59492054	53859959
rnd-1_family-130	35692038	69518171	81122475	85829397
rnd-1_family-131	25827395	25969134	19300522	27153005
rnd-1_family-132	76019	422957	116117	295217
rnd-1_family-133	7522805	10523891	7277786	13577554
rnd-1_family-134	9288631	7244057	5478107	7834444
rnd-1_family-135	1847559	2654514	1467448	2109045
rnd-1_family-136	7607526	6282929	7784479	7756125
rnd-1_family-137	736623	1058976	748708	1168144
rnd-1_family-139	3472970	178356	580012	793673
rnd-1_family-14	25185679	26454115	24936041	30193422
rnd-1_family-140	5073307	1186347	2352895	2519873
rnd-1_family-141	6007325	12852418	10017611	8020050
rnd-1_family-144	2993675	3648366	3045997	4598060
rnd-1_family-146	10565451	14618576	9497562	15577355
rnd-1_family-147	3517499	2850393	2490355	2763668
rnd-1_family-148	882180	910200	639963	787228
rnd-1_family-149	3555563	4884006	2874769	13149104
rnd-1_family-150	1245875	809152	2088310	1135882
rnd-1_family-151	2467959	4410021	2855469	8381478
rnd-1_family-152	215814	78781	84573	66125
rnd-1_family-153	55688	57194	26457	53750
rnd-1_family-155	1223368	879400	511525	359854
rnd-1_family-156	303785	170836	164821	256002
rnd-1_family-159	774476	292308	336988	478992
rnd-1_family-16	23671705	26219452	52773912	57233925
rnd-1_family-160	622222	429725	881885	965562
rnd-1_family-161	655667	706856	534527	1105349
rnd-1_family-162	1820214	1409562	957915	1258984
rnd-1_family-163	2823409	5544868	3821934	6972577
rnd-1_family-164	318077	2110371	494203	2389404
rnd-1_family-165	1200629	1021254	890715	1635170
rnd-1_family-167	2369554	2542882	1851983	2795490
rnd-1_family-168	1145217	1600388	830903	2885869
rnd-1_family-169	731915	153810	166166	481317
rnd-1_family-17	94726969	131071068	100492842	99787137
rnd-1_family-170	41913	112689	71744	112450
rnd-1_family-171	888209	560420	845793	1931401
rnd-1_family-172	2206665	933408	1395817	1687063
rnd-1_family-174	303014	68907	78578	97322
rnd-1_family-175	41800	25402	22658	23438
rnd-1_family-177	2608405	2444056	4847110	4642915
rnd-1_family-178	9107204	6056018	6304686	6194688
rnd-1_family-179	8961896	1207253	1888348	3031495
rnd-1_family-18	894678	2792936	2072580	4200718
rnd-1_family-180	19955	1991763	294428	229994
rnd-1_family-181	5724600	2740805	2765834	1559762
rnd-1_family-182	6366463	2292128	3109336	1610333
rnd-1_family-184	127114	81727	100544	146457
rnd-1_family-185	874610	366764	379545	372628
rnd-1_family-187	726360	1038194	803782	1167887
rnd-1_family-189	16087562	13117223	10214188	13495429
rnd-1_family-190	9098884	9880205	5832238	9162100
rnd-1_family-191	3419481	3806325	2863487	4036457
rnd-1_family-193	2451580	1799547	1680527	1995472
rnd-1_family-194	5735631	7072219	5017286	6941829
rnd-1_family-196	1029313	1290542	1016855	1471351
rnd-1_family-197	12427774	15987035	10860206	19689211
rnd-1_family-198	17554475	6181641	8317611	4208853
rnd-1_family-199	1352141	2084477	1584966	1981282
rnd-1_family-2	8587737	14046891	7335266	23391286
rnd-1_family-20	14255964	19630269	12817162	18855807
rnd-1_family-201	1476282	1229023	969219	1106098
rnd-1_family-202	1786310	818197	935502	601128
rnd-1_family-203	164664	38151	72265	35054
rnd-1_family-204	1983713	1273016	1254814	3684395
rnd-1_family-205	20901	45165	33756	96258
rnd-1_family-206	4265198	3846009	2862143	4086780
rnd-1_family-208	14811828	10779922	9212857	15062053
rnd-1_family-209	4133616	1317269	2123603	2012374
rnd-1_family-21	8121945	4665204	3857325	6891229
rnd-1_family-210	2322876	2046827	1263114	2348189
rnd-1_family-211	4156994	3635662	3585508	4852060
rnd-1_family-212	4661744	2307848	4518117	3593938
rnd-1_family-213	5596484	3564695	3460467	4384008
rnd-1_family-214	185787	142185	109981	216614
rnd-1_family-215	1629219	2446458	2493478	3009074
rnd-1_family-216	34471	16860	18839	25237
rnd-1_family-217	5501683	2453067	2706681	2934187
rnd-1_family-218	315221	232876	204713	167984
rnd-1_family-219	1825065	7046979	1190967	3834557
rnd-1_family-22	5597488	10065965	7874610	14460227
rnd-1_family-220	1477092	697430	384822	624417
rnd-1_family-221	2015235	821595	1106550	1181195
rnd-1_family-223	1205880	1278054	576126	578317
rnd-1_family-224	738625	6284481	1706738	5211239
rnd-1_family-225	881187	688356	628750	777249
rnd-1_family-226	961195	492793	386864	641425
rnd-1_family-227	135085	65089	87234	82831
rnd-1_family-228	636205	638728	466004	611155
rnd-1_family-229	5957836	8875286	6507945	11495617
rnd-1_family-23	3747983	9221010	3734129	7969387
rnd-1_family-230	1752391	838122	854454	1024632
rnd-1_family-231	572586	289087	646476	333185
rnd-1_family-232	3028155	2362100	2016938	3083021
rnd-1_family-233	319377	209660	185498	179788
rnd-1_family-235	11610120	4107264	7667756	6903902
rnd-1_family-239	8154035	3110920	2022268	8002156
rnd-1_family-24	360666	3976801	1025697	15683050
rnd-1_family-240	239844	264802	184089	343474
rnd-1_family-241	3423801	2711820	1368433	2863764
rnd-1_family-243	8856110	1360173	2930187	4263464
rnd-1_family-244	240040	220154	225913	323667
rnd-1_family-245	145682	444483	155811	348845
rnd-1_family-246	39899	31394	26871	39731
rnd-1_family-247	1609845	1510273	1010801	1646312
rnd-1_family-249	2334988	2166325	1488497	1959537
rnd-1_family-25	1443727	2804583	1800596	3690104
rnd-1_family-250	47852954	22949298	27908324	44848819
rnd-1_family-251	8007285	7440442	5662758	8220081
rnd-1_family-252	663692	561172	518147	502496
rnd-1_family-254	9237050	9085647	8239531	8598254
rnd-1_family-255	14976578	2766910	6361646	1356903
rnd-1_family-256	1611780	4580241	796577	1282197
rnd-1_family-258	220579	114897	96793	145779
rnd-1_family-26	49960675	26859317	23143856	38063522
rnd-1_family-261	1407082	2275105	1289940	2098532
rnd-1_family-262	3381644	4564360	3584894	5266368
rnd-1_family-263	6472751	10639146	6438433	13775793
rnd-1_family-264	3405620	4902063	2929268	5228731
rnd-1_family-266	1036716	1281480	949801	1261957
rnd-1_family-267	7374883	7701934	4482277	7937938
rnd-1_family-268	706662	570469	331955	558272
rnd-1_family-269	17149577	10624089	9975161	15360168
rnd-1_family-27	21747606	22446493	17996415	30483212
rnd-1_family-271	1431894	887545	853863	1787276
rnd-1_family-272	1619416	1011630	709373	976298
rnd-1_family-273	5624846	3038026	3248528	3845694
rnd-1_family-274	4718053	8519791	4482685	8074684
rnd-1_family-277	101862	66376	69438	67810
rnd-1_family-278	1967162	1548748	1196739	1538047
rnd-1_family-279	110300	92864	43547	53094
rnd-1_family-28	4891114	5572681	4670123	4761750
rnd-1_family-280	569940	1290010	934045	752632
rnd-1_family-282	274472	149366	589609	392142
rnd-1_family-283	546460	145537	178752	128959
rnd-1_family-285	20188	28067	20508	31570
rnd-1_family-286	5019525	1346457	1481446	1776854
rnd-1_family-287	157708	511521	279594	496251
rnd-1_family-288	1292302	543915	1639026	2432825
rnd-1_family-29	23464719	23246522	16086163	20643996
rnd-1_family-291	2261888	2307954	1605655	2006651
rnd-1_family-292	166813	275752	239426	410291
rnd-1_family-293	78913	34078	69355	54605
rnd-1_family-295	3325321	2575739	1685454	2517128
rnd-1_family-296	8946390	16930573	13320839	21376012
rnd-1_family-297	6179370	6415805	5403093	8148183
rnd-1_family-298	321666	75936	151585	158654
rnd-1_family-299	6514153	808335	1316503	1489387
rnd-1_family-3	18238210	28225889	17046023	29417016
rnd-1_family-30	7815858	3987178	5673334	13016133
rnd-1_family-300	2629353	982221	933356	645963
rnd-1_family-305	216706	114118	85872	163288
rnd-1_family-306	1585930	4803897	6725667	2644764
rnd-1_family-307	6596656	3500011	2851949	2953667
rnd-1_family-308	1792655	2003200	2085391	1667227
rnd-1_family-309	40989	46304	33059	42082
rnd-1_family-31	32257226	33482766	23504116	49229772
rnd-1_family-311	12834	22397	17605	32843
rnd-1_family-315	1324538	1256156	974551	1255787
rnd-1_family-316	61398	52153	61914	48329
rnd-1_family-317	6932274	5856481	4313273	6254243
rnd-1_family-318	5193675	7320254	4489351	5723547
rnd-1_family-319	516799	113408	152114	123569
rnd-1_family-32	2010723	2296828	4111141	1015037
rnd-1_family-320	2687980	3896329	2329517	4144734
rnd-1_family-321	168689	295126	49693	451712
rnd-1_family-322	2278359	1550084	1416218	1188325
rnd-1_family-324	5602503	8220661	6399315	6827727
rnd-1_family-325	703188	681542	501794	641050
rnd-1_family-326	3946505	5030183	3246163	5998175
rnd-1_family-328	14125024	8513058	9381292	11462713
rnd-1_family-329	23869	15876	19705	25319
rnd-1_family-331	127515	176349	133912	192946
rnd-1_family-332	1013163	750376	650337	755278
rnd-1_family-334	30490326	19786288	14171855	23750944
rnd-1_family-335	12115523	9837201	7162736	9581184
rnd-1_family-336	1420969	1661658	1118059	1337532
rnd-1_family-338	70328	53498	43042	48667
rnd-1_family-34	1656253	905187	1232366	2146676
rnd-1_family-340	218012	402958	224845	734670
rnd-1_family-341	1710350	1713939	1179824	2032997
rnd-1_family-342	57700	33624	36123	29076
rnd-1_family-343	465533	276270	283496	363203
rnd-1_family-347	1429147	1601557	1110964	1626103
rnd-1_family-349	3622461	2645306	3054546	2908656
rnd-1_family-350	5538019	4491585	3419979	5016188
rnd-1_family-351	149829	41828	41364	51629
rnd-1_family-352	3701443	2486158	2218452	3553739
rnd-1_family-353	1941117	1327618	1188524	1862079
rnd-1_family-354	584370	281121	299373	289002
rnd-1_family-355	2859538	2796839	2587694	4669740
rnd-1_family-357	424270	124639	135992	355224
rnd-1_family-358	6435178	4726427	3521855	4840351
rnd-1_family-359	257711	200130	169578	220575
rnd-1_family-36	1061760	600425	1535444	2245078
rnd-1_family-361	23845097	13769669	11578801	13267177
rnd-1_family-363	469423	443046	339424	479502
rnd-1_family-364	3812977	2662913	2195271	2742145
rnd-1_family-365	5079699	2405387	2879016	9510558
rnd-1_family-366	229589	222260	182605	362038
rnd-1_family-367	4521198	2838366	2574132	2909931
rnd-1_family-37	4556582	3007479	4490133	7528823
rnd-1_family-370	3147548	2105387	2616198	2999065
rnd-1_family-372	563827	582419	601366	650317
rnd-1_family-373	83892	68686	56101	60996
rnd-1_family-374	50329	42580	39493	43265
rnd-1_family-376	5433561	3890798	2994834	4544266
rnd-1_family-377	2303846	1558521	1319894	1564826
rnd-1_family-378	349068	982724	698731	838328
rnd-1_family-379	336060	356970	227265	245445
rnd-1_family-38	15061456	17100436	17844906	27407389
rnd-1_family-380	5432278	3792212	2800419	3528929
rnd-1_family-382	11488931	6908426	5639242	6599613
rnd-1_family-384	97071	61151	48999	66781
rnd-1_family-386	1791889	3843505	2604744	3551128
rnd-1_family-387	2334948	1081117	2661868	1126911
rnd-1_family-389	452945	594480	866226	708525
rnd-1_family-39	12236229	10220901	13999976	20444889
rnd-1_family-390	250209	182663	144904	190528
rnd-1_family-391	556299	680325	391180	766799
rnd-1_family-393	2242762	1125572	1340904	2510724
rnd-1_family-394	1071354	728942	506689	662253
rnd-1_family-395	57073	27554	24398	37366
rnd-1_family-396	227610	165221	134365	159338
rnd-1_family-398	802221	3608478	2837122	2952248
rnd-1_family-4	51294307	37410568	40925568	74468865
rnd-1_family-40	4762093	3888979	7234437	5919231
rnd-1_family-400	53361	42587	34604	41039
rnd-1_family-402	201663	140531	137984	145294
rnd-1_family-404	4939557	4295333	4578711	4308895
rnd-1_family-405	2651610	1389941	1188375	1848706
rnd-1_family-407	269965	174901	136331	128949
rnd-1_family-408	7796245	8308438	6421001	4000438
rnd-1_family-409	72799	53971	43202	71237
rnd-1_family-41	10822459	4813796	10923291	11510463
rnd-1_family-411	2953558	960957	2476429	1364120
rnd-1_family-412	5878223	6817039	4620455	5643798
rnd-1_family-418	481167	326348	270143	319180
rnd-1_family-42	13777979	21210646	13616581	33584679
rnd-1_family-420	15804	15603	10999	33936
rnd-1_family-421	869952	955838	1696839	1415973
rnd-1_family-422	156937	150251	137659	300023
rnd-1_family-423	3793721	2966322	2188492	2847144
rnd-1_family-424	487047	102413	177204	157772
rnd-1_family-426	9072338	6062374	4482604	4952409
rnd-1_family-428	234776	308119	161063	262783
rnd-1_family-429	492950	338515	258591	382145
rnd-1_family-432	1587405	1608059	902261	1404890
rnd-1_family-433	178745	120160	93262	103814
rnd-1_family-434	2525687	2378251	1591092	2345845
rnd-1_family-435	1698653	232530	709378	358683
rnd-1_family-437	11552	16309	14284	13672
rnd-1_family-438	72510	89188	50442	173478
rnd-1_family-44	32512435	7358301	13849417	15937095
rnd-1_family-440	378020	1049928	337318	747311
rnd-1_family-443	430165	364288	269036	389281
rnd-1_family-447	1906250	678734	858096	284236
rnd-1_family-449	81370	88529	53642	52477
rnd-1_family-45	2287265	9463299	3086244	9440612
rnd-1_family-451	80319	1160429	175841	523916
rnd-1_family-454	2730633	896947	1236510	587834
rnd-1_family-455	158736	265281	66858	59557
rnd-1_family-456	2422869	2011300	1324837	1234575
rnd-1_family-458	1357073	1115613	841976	1145820
rnd-1_family-459	25362	47367	30515	47648
rnd-1_family-46	13881698	9687557	11957521	20616054
rnd-1_family-461	17274	12159	10702	14421
rnd-1_family-462	149749	48430	425131	36722
rnd-1_family-464	1141886	653377	687077	643356
rnd-1_family-467	2939119	2198157	1684248	1652647
rnd-1_family-468	252576	170278	134818	164017
rnd-1_family-47	15183583	19926437	5636370	9421636
rnd-1_family-470	21012	11578	14162	15386
rnd-1_family-473	86054	112903	58445	92292
rnd-1_family-474	4793146	2022153	3940471	709099
rnd-1_family-475	121759	111888	83402	101688
rnd-1_family-476	3608480	3466734	3127886	5449377
rnd-1_family-477	19565013	7537933	9127794	16533437
rnd-1_family-478	642030	1010965	882767	1094558
rnd-1_family-479	3092694	485712	808213	622520
rnd-1_family-48	3127744	6870732	3761654	4273288
rnd-1_family-480	187689	89249	151520	313550
rnd-1_family-484	78530	116833	96741	105261
rnd-1_family-485	509149	259158	383666	367866
rnd-1_family-486	1926999	3775514	2310277	3626669
rnd-1_family-487	314877	378180	270310	319719
rnd-1_family-488	6092963	2716119	4188290	1433510
rnd-1_family-489	254367	146734	135656	153176
rnd-1_family-490	37456	59174	23107	67738
rnd-1_family-491	123559	132766	138734	106945
rnd-1_family-492	182034	173132	112406	155414
rnd-1_family-493	764313	481586	400740	467868
rnd-1_family-494	3310796	2110494	1749520	2091923
rnd-1_family-495	537052	412595	314584	372131
rnd-1_family-496	1237888	837183	647220	780198
rnd-1_family-497	1690084	1527260	1228548	2405545
rnd-1_family-498	41929	24947	15254	19149
rnd-1_family-499	29733	29878	20460	30991
rnd-1_family-50	8063209	4896490	5362221	6268184
rnd-1_family-500	226015	174290	84605	284185
rnd-1_family-501	563918	564897	556282	491230
rnd-1_family-502	1411721	364985	852576	706745
rnd-1_family-503	240472	289129	124087	276414
rnd-1_family-505	74232	54119	45838	64600
rnd-1_family-506	496196	865346	461811	739267
rnd-1_family-507	2793761	2099269	2213538	2020722
rnd-1_family-508	176783	117309	110336	129359
rnd-1_family-51	1330569	1589071	1784789	2934708
rnd-1_family-511	103917	56238	48258	46068
rnd-1_family-515	52195	57252	40139	52637
rnd-1_family-516	2801188	1966111	1503640	1865846
rnd-1_family-517	11740	19339	12861	26084
rnd-1_family-518	4000954	2377701	1995111	2260866
rnd-1_family-519	135568	99077	79293	97820
rnd-1_family-52	8864316	11278150	5972262	12928263
rnd-1_family-520	6007317	4712308	5128227	4407576
rnd-1_family-521	31510	21016	20817	20563
rnd-1_family-523	126957	110984	91040	116080
rnd-1_family-524	58908	72994	47000	81266
rnd-1_family-525	1050709	1669800	1106404	1717219
rnd-1_family-526	2123530	1703178	1238413	1480722
rnd-1_family-528	115006	118264	86013	119038
rnd-1_family-529	815084	556656	395644	528420
rnd-1_family-53	1098583	1525270	1073560	2747107
rnd-1_family-531	120746	383027	457856	1059602
rnd-1_family-534	53082	101473	48883	79901
rnd-1_family-536	676062	617769	498043	667744
rnd-1_family-539	54907	34455	31921	34030
rnd-1_family-540	386446	334712	342875	670119
rnd-1_family-542	67586	79127	51309	82393
rnd-1_family-543	89106	59536	44775	59234
rnd-1_family-545	5054716	3208202	2530969	2934152
rnd-1_family-546	4242430	2751597	2236934	2612460
rnd-1_family-549	79583	21830	28266	30636
rnd-1_family-55	42088448	27062071	27155535	38262753
rnd-1_family-550	49050	12333	19704	37890
rnd-1_family-551	878438	632882	756487	683691
rnd-1_family-553	106331	67248	52184	64738
rnd-1_family-556	5557064	4868404	3470995	5666671
rnd-1_family-557	89227	122118	118348	101028
rnd-1_family-558	7983181	6825983	8167062	6717323
rnd-1_family-559	2029448	1771587	1370353	1761304
rnd-1_family-56	4782621	5472775	3693697	7263614
rnd-1_family-560	1636195	915989	752674	902484
rnd-1_family-564	1039983	701774	523919	692785
rnd-1_family-567	2114292	1613930	1807843	1934770
rnd-1_family-568	66297	17371	10717	18502
rnd-1_family-574	101789	31696	55448	86978
rnd-1_family-579	49530	207194	217362	282830
rnd-1_family-581	3916159	4760103	3498102	4484061
rnd-1_family-583	8848696	7957640	10151419	5667123
rnd-1_family-588	943495	1340967	1093770	1217160
rnd-1_family-590	6739552	5666359	4468531	6406746
rnd-1_family-591	989593	695891	893016	784373
rnd-1_family-592	10820719	12356542	9554742	12201204
rnd-1_family-593	2390962	1745027	1434325	1904105
rnd-1_family-596	2844788	2263246	2171846	2007364
rnd-1_family-597	26125	18826	15698	18844
rnd-1_family-598	464137	398746	286725	425781
rnd-1_family-6	9408407	4595760	4254808	5154022
rnd-1_family-603	135324	169750	176901	115877
rnd-1_family-604	4701806	3994930	4021696	4149585
rnd-1_family-605	21650	17630	31867	17479
rnd-1_family-61	2137283	34370508	15171032	13501052
rnd-1_family-610	56214	27028	24444	27904
rnd-1_family-612	78713	59581	47534	67529
rnd-1_family-613	1914277	3109837	2483596	2668058
rnd-1_family-614	32668	14533	14697	10879
rnd-1_family-615	2206600	2418019	1733753	2061890
rnd-1_family-616	2988481	2570234	2356724	2620298
rnd-1_family-619	8433545	5355686	4957241	5350305
rnd-1_family-62	26930403	33784894	25696937	87469370
rnd-1_family-620	226536	180794	147310	187039
rnd-1_family-621	1290977	891240	757727	1029119
rnd-1_family-625	2735575	1614303	1365871	1522257
rnd-1_family-627	4616269	2661577	2254388	2647017
rnd-1_family-63	598684	131460	175781	444848
rnd-1_family-630	122268	130082	110595	111836
rnd-1_family-633	4000337	2167339	1939548	1865230
rnd-1_family-634	1062391	702085	677094	783226
rnd-1_family-640	593487	458381	303259	298950
rnd-1_family-641	538005	474981	401849	477937
rnd-1_family-642	394067	742723	387228	565969
rnd-1_family-643	4427651	3747774	3697875	3599449
rnd-1_family-645	30141	20857	15744	18687
rnd-1_family-646	3248271	1376223	1617601	1092908
rnd-1_family-647	17980324	15796189	14051676	15151789
rnd-1_family-648	1993375	1372459	1013149	1671981
rnd-1_family-649	1217566	758443	655216	502755
rnd-1_family-65	11268484	18513945	15461018	19697554
rnd-1_family-650	787307	948332	564638	878470
rnd-1_family-651	278317	114981	139331	123736
rnd-1_family-654	6372998	3858832	4795670	4892368
rnd-1_family-655	2957482	1778869	2172856	1996754
rnd-1_family-656	38467	110568	34950	125049
rnd-1_family-657	46319	24104	21120	25417
rnd-1_family-658	130375	83531	74451	105940
rnd-1_family-66	1586367	1044956	2220081	5095404
rnd-1_family-661	5070439	4208780	3992787	4236635
rnd-1_family-662	487536	279443	306689	129962
rnd-1_family-664	5719101	4725946	3700532	5047299
rnd-1_family-665	3874315	2010043	2275716	767701
rnd-1_family-667	130483	52540	53918	49959
rnd-1_family-668	26674	16303	11706	19804
rnd-1_family-67	10966943	13571527	9390523	14563927
rnd-1_family-677	22134	34714	27603	39858
rnd-1_family-685	1350335	760852	797269	445752
rnd-1_family-688	256097	203588	140516	208384
rnd-1_family-689	550322	410412	405916	399447
rnd-1_family-691	1162484	812752	687238	896832
rnd-1_family-692	17872766	4264850	7247070	2264190
rnd-1_family-693	386395	415041	457130	479868
rnd-1_family-694	228489	470391	317850	286144
rnd-1_family-695	518196	386226	544618	700090
rnd-1_family-696	1276671	880369	745241	826633
rnd-1_family-7	20304931	38265579	51349860	49478263
rnd-1_family-70	6650272	8477011	7778715	14591399
rnd-1_family-701	543409	404282	348533	412197
rnd-1_family-702	44820	51978	34701	55807
rnd-1_family-703	2247824	1882620	1828643	2005449
rnd-1_family-704	7338086	4255813	3644248	4135943
rnd-1_family-706	3741191	2038014	1804804	2070048
rnd-1_family-709	103806	29680	118147	38719
rnd-1_family-71	18564633	26509041	15390639	34844982
rnd-1_family-713	417961	552355	486339	824217
rnd-1_family-714	18537936	8208412	9377503	6399284
rnd-1_family-715	109040	72965	65967	46659
rnd-1_family-716	281217	221494	223228	211901
rnd-1_family-717	53127	16690	32648	20382
rnd-1_family-718	140972	795221	497364	582729
rnd-1_family-72	36095338	35859080	33476225	42932759
rnd-1_family-720	173947	125905	98378	124936
rnd-1_family-722	257621	175402	131675	150793
rnd-1_family-723	175475	166646	170235	124657
rnd-1_family-724	105051	103943	76519	99970
rnd-1_family-725	290521	435967	289439	429983
rnd-1_family-726	1697714	2132510	1453419	1934155
rnd-1_family-728	12432078	9991561	8103181	10283323
rnd-1_family-73	5896074	14276675	30943483	33913587
rnd-1_family-731	37414	59555	49735	73029
rnd-1_family-732	73632	81115	70408	59633
rnd-1_family-735	1737024	1630823	1402424	1932604
rnd-1_family-736	37270	27303	19874	24381
rnd-1_family-74	6913061	8775316	12510097	16766294
rnd-1_family-742	278540	124378	107133	82834
rnd-1_family-744	1660131	1034197	849456	1009296
rnd-1_family-745	374011	296350	298282	415631
rnd-1_family-748	2223637	1311926	1109860	1348510
rnd-1_family-75	8920919	9106487	12648174	15757459
rnd-1_family-750	1031673	684453	542280	631387
rnd-1_family-751	325592	101207	85100	93026
rnd-1_family-754	827340	1351042	630016	913462
rnd-1_family-756	1041079	1218834	726874	1051324
rnd-1_family-757	21259	21972	15994	23058
rnd-1_family-76	1368218	2957312	1399453	2007390
rnd-1_family-760	17037	13398	11414	11583
rnd-1_family-762	915527	297281	285881	374635
rnd-1_family-765	116442	120218	69703	99015
rnd-1_family-769	250638	199102	145602	169477
rnd-1_family-771	1653531	1251921	1160312	1913726
rnd-1_family-773	1608889	709821	661909	505561
rnd-1_family-774	253764	708537	140109	901936
rnd-1_family-775	26038	21309	19635	29690
rnd-1_family-776	885371	648913	370221	833537
rnd-1_family-777	16940	38326	39795	54430
rnd-1_family-778	6880059	1530429	2148743	1117845
rnd-1_family-78	19346958	29812941	13658396	33411756
rnd-1_family-781	36953	26134	26877	25405
rnd-1_family-782	15254	12688	28215	21548
rnd-1_family-784	1481119	1440256	1232275	1477445
rnd-1_family-785	795172	1033231	1328910	827576
rnd-1_family-786	154328	126549	92696	121973
rnd-1_family-788	134484	118407	96637	108030
rnd-1_family-789	26454	37933	21775	29609
rnd-1_family-79	2392840	5148569	2610757	4631661
rnd-1_family-792	38585	35923	24762	33303
rnd-1_family-793	3159597	2036213	1599173	2539556
rnd-1_family-794	703113	434001	377212	411144
rnd-1_family-795	2210765	930758	1026471	671896
rnd-1_family-797	79146	26954	19462	16846
rnd-1_family-798	540785	411699	409406	389834
rnd-1_family-799	33417	12258	18860	16015
rnd-1_family-80	2099566	6365939	11546328	10621095
rnd-1_family-800	225251	227153	246038	234560
rnd-1_family-801	32311	25378	21300	23560
rnd-1_family-802	4013624	3462678	3122368	3321940
rnd-1_family-803	492881	884976	1265877	560217
rnd-1_family-804	211574	289134	166163	284899
rnd-1_family-805	4346124	3738336	3113039	4084979
rnd-1_family-806	4205843	1710692	2485476	2537700
rnd-1_family-807	5810267	2691547	2621885	3320762
rnd-1_family-81	14723615	23890220	13616708	22934424
rnd-1_family-810	1954795	1653845	1226124	1637278
rnd-1_family-812	104991	77668	68885	68901
rnd-1_family-817	1286209	743851	727261	483281
rnd-1_family-819	112098	46879	52532	57314
rnd-1_family-82	13259371	5015860	7437948	10664559
rnd-1_family-820	26497	10694	10534	14281
rnd-1_family-821	309776	226301	242854	248487
rnd-1_family-822	72094	49957	43519	48931
rnd-1_family-827	3534940	2041972	1740809	1904588
rnd-1_family-828	1432915	993326	885265	1078800
rnd-1_family-83	2111091	3472911	1461693	3944216
rnd-1_family-830	95279	69523	47298	65716
rnd-1_family-831	15461	12973	10993	13405
rnd-1_family-832	1233056	1189025	890029	1106616
rnd-1_family-833	1412694	800130	717226	568360
rnd-1_family-834	6545039	4638652	2855391	9963964
rnd-1_family-835	126096	162062	91018	132764
rnd-1_family-836	3024869	1226682	1248504	852381
rnd-1_family-837	22137	85976	61857	79973
rnd-1_family-84	3431487	958057	2207085	1539858
rnd-1_family-840	18429	26496	11804	18255
rnd-1_family-841	4651930	2274822	3871583	2992541
rnd-1_family-844	169621	151169	131080	124634
rnd-1_family-846	453291	108516	127538	99365
rnd-1_family-847	446152	438604	383173	433177
rnd-1_family-848	183752	156164	103033	113215
rnd-1_family-851	605501	588843	517742	669027
rnd-1_family-852	337378	406207	244423	562749
rnd-1_family-854	14982	17485	11321	17197
rnd-1_family-855	2883614	1196714	1279458	893519
rnd-1_family-858	7468821	2692633	2847463	1463765
rnd-1_family-861	53881	60580	35950	46390
rnd-1_family-867	16390	788375	731425	455749
rnd-1_family-868	370875	222815	206553	214940
rnd-1_family-869	720239	941003	441918	790173
rnd-1_family-875	66372	39091	37977	42623
rnd-1_family-876	150287	77307	33707	47740
rnd-1_family-877	332999	309004	268817	444744
rnd-1_family-878	70534	77593	40491	76268
rnd-1_family-879	2097503	4610998	3394249	3260721
rnd-1_family-880	1582819	1764228	1478050	1716577
rnd-1_family-882	4975379	4096224	3324060	4343680
rnd-1_family-883	401847	466146	302004	425483
rnd-1_family-884	169233	139523	120065	134498
rnd-1_family-885	98058	277050	141495	141767
rnd-1_family-886	32207	28530	24596	22590
rnd-1_family-888	906970	419860	364955	327221
rnd-1_family-89	570863	646895	374040	515894
rnd-1_family-890	168779	146167	135668	134939
rnd-1_family-892	43418	80688	62228	55941
rnd-1_family-893	47300	81683	50354	35243
rnd-1_family-894	1221212	911455	1124410	879246
rnd-1_family-899	472068	282978	266037	334147
rnd-1_family-900	848086	655650	566088	729489
rnd-1_family-902	257556	267123	273290	220064
rnd-1_family-904	15033	20272	15637	17784
rnd-1_family-905	629447	699447	530550	612499
rnd-1_family-908	1955586	1559038	1197339	2993664
rnd-1_family-91	5473032	3629961	3239019	5412354
rnd-1_family-911	853168	683744	539528	631742
rnd-1_family-913	679010	556819	454874	557244
rnd-1_family-914	406300	280167	367749	355279
rnd-1_family-915	363632	403337	275343	423506
rnd-1_family-917	1104258	1045625	880707	1081918
rnd-1_family-92	311381	1332409	2508505	3013768
rnd-1_family-924	250524	25641	36109	91153
rnd-1_family-927	155550	111452	77678	100508
rnd-1_family-928	141275	617354	552780	741882
rnd-1_family-932	25626	135530	116602	160526
rnd-1_family-933	1246248	820229	670806	727824
rnd-1_family-934	893655	574079	510853	590892
rnd-1_family-935	455114	422823	316519	385895
rnd-1_family-937	1315865	781676	640757	727467
rnd-1_family-939	3686576	1278672	1417716	1587555
rnd-1_family-94	3413797	5056322	9228555	5431179
rnd-1_family-940	548745	323793	269359	311971
rnd-1_family-943	18445	12886	11593	11380
rnd-1_family-944	653717	371693	317421	358343
rnd-1_family-945	6685149	7445052	7664165	13807723
rnd-1_family-946	32188	29033	23464	26008
rnd-1_family-947	64388	62965	54708	127770
rnd-1_family-948	668858	512323	424200	484627
rnd-1_family-95	6001640	5558447	6239445	6100864
rnd-1_family-950	2793509	3029241	3142075	5844899
rnd-1_family-951	715874	738003	573741	814343
rnd-1_family-954	408804	284122	156303	417034
rnd-1_family-955	522512	432646	397126	505468
rnd-1_family-956	23962	23398	13018	18931
rnd-1_family-958	17782	113999	89503	72061
rnd-1_family-959	127611	183167	96597	125322
rnd-1_family-96	4571519	5508181	4891177	6898198
rnd-1_family-960	252976	452894	213657	308868
rnd-1_family-963	348824	509092	371889	416481
rnd-1_family-964	820245	600027	499614	704165
rnd-1_family-967	1887301	1633340	1360493	1605358
rnd-1_family-969	381192	267580	203752	254863
rnd-1_family-97	6439072	8136934	4871016	9936783
rnd-1_family-973	409050	259337	216405	243989
rnd-1_family-979	45139	24672	24626	25846
rnd-1_family-98	104006	263275	25327	189137
rnd-1_family-981	2788537	2444205	1956148	2369033
rnd-1_family-983	375337	215139	297796	361372
rnd-1_family-984	31373	35067	22235	25466
rnd-1_family-987	105796	112156	87040	102250
rnd-1_family-988	14002	20823	15419	22157
rnd-1_family-99	4096226	4295342	3209477	3316509
rnd-1_family-990	674434	567121	475226	554763
rnd-1_family-992	957483	448536	825423	302584
rnd-1_family-995	191023	240716	203057	244487
rnd-1_family-996	19146	17443	13394	14581
rnd-1_family-997	579630	1145321	456983	728215
rnd-1_family-998	2168541	286266	357108	1474784
rnd-1_family-999	101563	48512	49439	56877
rnd-2_family-146	29003776	15626965	20398528	14523918
rnd-2_family-15	33832363	30381179	18417115	21150627
rnd-2_family-69	12623564	12507136	9318790	12577774
rnd-2_family-72	13296350	21297620	21481139	37147644
rnd-3_family-137	932612	771478	710581	847352
rnd-3_family-2	11425582	8723802	8497537	8196351
rnd-3_family-505	4782352	3949568	2928094	3513673
rnd-3_family-61	62440440	100994712	72302628	97373281
rnd-3_family-62	4108976	8630750	6062627	6479920
rnd-4_family-1055	357605	349609	264503	334072
rnd-4_family-115	37461163	20541167	17463366	19502283
rnd-4_family-118	5692748	19796528	1788057	2909407
rnd-4_family-140	1155586	1003878	850009	1087281
rnd-4_family-149	104883	292002	207257	92333
rnd-4_family-194	575867	497611	481122	536611
rnd-4_family-264	8452569	5680334	4554807	5269048
rnd-4_family-307	4902489	4420656	3659204	4467103
rnd-4_family-35	125184	110234	88175	106240
rnd-4_family-350	904130	690032	573642	690824
rnd-4_family-37	2727084	2064273	1550042	1637608
rnd-4_family-391	115193928	80991585	62356101	80916360
rnd-4_family-408	6573563	12027748	6941988	10091359
rnd-4_family-421	161120343	152866122	101001348	139958088
rnd-4_family-43	949999	991511	734403	941372
rnd-4_family-506	139057	106408	94011	104780
rnd-4_family-52	96738025	75814763	81040522	93860677
rnd-4_family-529	5889980	4726986	3827906	4221467
rnd-4_family-53	14736888	18933736	11806345	17080196
rnd-4_family-535	683658	803135	628254	817644
rnd-4_family-692	1400525	1224965	1054616	1243542
rnd-4_family-772	1173976	811646	844789	793181
rnd-4_family-82	92024640	85154035	84166439	78214399
rnd-4_family-92	1428141	1113642	891278	1077261
rnd-4_family-990	958607	877833	789684	951883
rnd-5_family-1051	16722	16455	10896	14189
rnd-5_family-1120	564233	516480	358178	420394
rnd-5_family-1139	673551	606230	608319	539783
rnd-5_family-1163	4950410	3249307	2581643	2818639
rnd-5_family-1195	365518	342646	247300	339965
rnd-5_family-1199	2125693	1644131	1638041	1528850
rnd-5_family-1200	962298	1016909	278811	292010
rnd-5_family-121	967138	614878	580958	666755
rnd-5_family-1226	121667	69649	32653	32177
rnd-5_family-124	3185897	2332853	2023490	2321104
rnd-5_family-1252	6675931	5651475	4582164	5534034
rnd-5_family-131	541807	461332	397578	444227
rnd-5_family-1382	5511166	2050264	1439029	2057555
rnd-5_family-1387	161052	131699	135570	120066
rnd-5_family-142	356655	232345	258943	228620
rnd-5_family-1426	2501853	1997619	1403712	1865315
rnd-5_family-1434	10603170	2614051	3989694	2143475
rnd-5_family-1448	1066841	991112	537961	622096
rnd-5_family-145	5767753	2115571	2206604	2717178
rnd-5_family-1462	763419	561599	462113	618011
rnd-5_family-151	672474	500657	389567	479617
rnd-5_family-154	717033	685857	504278	572594
rnd-5_family-156	655176	1110313	715773	950299
rnd-5_family-157	75736159	29934328	31451917	20559626
rnd-5_family-1585	632503	523074	423791	486614
rnd-5_family-1588	430721	349418	296102	398719
rnd-5_family-16	14720477	57040939	22000950	53256667
rnd-5_family-162	936395	590613	482854	551390
rnd-5_family-1623	3072838	1160696	1214964	897266
rnd-5_family-1639	1759991	1282537	1065543	1199769
rnd-5_family-165	3980969	2896292	2465325	2735839
rnd-5_family-1651	8845077	390410	378107	24122562
rnd-5_family-1652	2511489	1561816	1260461	1441937
rnd-5_family-1653	46135	46921	112180	69314
rnd-5_family-1661	7716894	5169163	4165640	3794608
rnd-5_family-1667	441180	424663	349417	427564
rnd-5_family-1701	571619	592305	415327	492246
rnd-5_family-1709	4509475	3088162	2342780	2848405
rnd-5_family-174	626260	295298	493726	214947
rnd-5_family-1758	674592	611845	460585	550708
rnd-5_family-1775	790134	610804	447600	580687
rnd-5_family-1800	48814	105757	30253	29238
rnd-5_family-1811	877403	830948	686072	762349
rnd-5_family-1835	1292179	1255927	975858	1240079
rnd-5_family-184	2876330	2484914	1701959	2328863
rnd-5_family-1868	429277	338534	280335	329699
rnd-5_family-187	683331	549120	442407	548350
rnd-5_family-1898	18695	24955	12231	18628
rnd-5_family-1917	781275	637240	603010	818968
rnd-5_family-205	3562211	2023498	1906457	2113668
rnd-5_family-2140	2404431	1660804	1552645	1916807
rnd-5_family-2175	477134	292562	256603	338021
rnd-5_family-219	1806767	1644561	1293231	1648235
rnd-5_family-2227	1020480	1223713	913588	946647
rnd-5_family-2253	51536	90090	53819	93691
rnd-5_family-2273	506385	392118	310216	495315
rnd-5_family-2300	723393	627962	509221	587867
rnd-5_family-2319	581582	531265	430864	474621
rnd-5_family-2447	322830	376153	265803	404666
rnd-5_family-245	838104	1455153	1022854	1332367
rnd-5_family-2455	1260298	837495	711135	734717
rnd-5_family-247	1978246	1486011	1489223	1394118
rnd-5_family-25	921114	639474	504550	574182
rnd-5_family-2545	664291	563859	439527	554538
rnd-5_family-256	2159260	1206481	988932	1109236
rnd-5_family-257	97288908	82776169	70137774	91248914
rnd-5_family-259	88782	106655	125569	119477
rnd-5_family-2700	252738	283537	205277	237279
rnd-5_family-271	1802138	1921009	1191564	1754494
rnd-5_family-2713	135408	120587	91864	118804
rnd-5_family-273	616795	630203	366767	527542
rnd-5_family-277	290611	268461	233856	281251
rnd-5_family-28	883717	351200	282140	353816
rnd-5_family-281	219870	175165	138061	162682
rnd-5_family-287	1316070	1110520	892195	1060915
rnd-5_family-2892	1557325	1167076	1174555	987094
rnd-5_family-302	5722380	4648678	4680004	4588604
rnd-5_family-307	909368	676735	568090	741731
rnd-5_family-3110	528796	308340	444007	300878
rnd-5_family-3115	330096	282952	228584	283221
rnd-5_family-313	7757572	7299429	6206750	5443609
rnd-5_family-32	1237180	878740	681801	863457
rnd-5_family-3373	210989	164305	145252	169807
rnd-5_family-34	2617602	1565410	798761	1208788
rnd-5_family-347	980190	902318	781727	947666
rnd-5_family-350	591430	550133	434717	529398
rnd-5_family-356	308965	241515	197134	224019
rnd-5_family-366	2388562	565783	869451	479220
rnd-5_family-381	694065	585934	497402	577872
rnd-5_family-383	5722817	4272092	3687879	5166472
rnd-5_family-385	1804657	1326256	1245191	1702716
rnd-5_family-386	283304	248732	236979	259826
rnd-5_family-396	3919345	3167076	2719023	3590157
rnd-5_family-397	5066563	4142019	3260703	4221186
rnd-5_family-399	105995	60432	59984	52184
rnd-5_family-443	148482	145300	117554	158565
rnd-5_family-4526	332674	82655	187620	317125
rnd-5_family-4527	412207	79936	316823	680249
rnd-5_family-458	265375	258031	159312	278813
rnd-5_family-461	840376	593612	485849	559758
rnd-5_family-469	691413	560021	606983	813738
rnd-5_family-47	3741936	2160113	1892634	2125037
rnd-5_family-476	106051926	91024112	62567927	90358139
rnd-5_family-4943	215377	189869	144010	185842
rnd-5_family-513	61192964	90537655	46582588	90176243
rnd-5_family-518	814304	709914	556573	730284
rnd-5_family-526	29902604	28283898	18905257	29836223
rnd-5_family-531	1338872	2058125	1514169	1948071
rnd-5_family-549	174021	142075	120342	129393
rnd-5_family-554	822386	473828	468674	444270
rnd-5_family-565	4096824	3742840	4134725	3850688
rnd-5_family-567	498241	708183	565560	664342
rnd-5_family-582	1315219	1335709	1079813	1407603
rnd-5_family-598	275991	248578	199388	232565
rnd-5_family-6	631291	890643	654932	831942
rnd-5_family-601	3875114	2373085	2017224	2249456
rnd-5_family-606	1083433	1404134	855192	1313541
rnd-5_family-607	362162	379379	342536	365486
rnd-5_family-609	450366	158486	362410	299034
rnd-5_family-613	3972372	2146088	1809918	2417236
rnd-5_family-621	930042	902835	732213	898019
rnd-5_family-624	91760787	100573066	79418072	111885564
rnd-5_family-629	779243	742194	551617	650466
rnd-5_family-644	1520538	1074730	845048	904611
rnd-5_family-645	1049927	629874	522474	606639
rnd-5_family-650	397230	443725	316958	444855
rnd-5_family-675	101604829	122948891	97714525	210414327
rnd-5_family-677	1360422	606404	583460	312713
rnd-5_family-686	313962	266751	176534	169536
rnd-5_family-71	390300	353525	276245	344027
rnd-5_family-721	3104704	5354676	3953474	5738273
rnd-5_family-722	5115281	3452070	4616425	3565472
rnd-5_family-740	2753342	2905772	2540303	3195589
rnd-5_family-759	14073383	15094795	9822920	13132727
rnd-5_family-76	245894	294178	206593	307941
rnd-5_family-774	872823	647871	513760	645159
rnd-5_family-811	520693	349778	299654	376541
rnd-5_family-813	2281895	1337145	1122264	1375378
rnd-5_family-816	1504590	842809	765133	827424
rnd-5_family-825	27201	91930	52285	37767
rnd-5_family-835	1742333	669354	580721	857877
rnd-5_family-85	217397277	179050431	144938925	196320152
rnd-5_family-856	732213	180878	203235	113749
rnd-5_family-86	1330165	1116082	925520	1143131
rnd-5_family-863	7489350	4929903	4278824	4987019
rnd-5_family-868	1776075	1326413	1076688	1377703
rnd-5_family-870	345562	521644	462200	441472
rnd-5_family-911	101444	436311	185149	158151
rnd-5_family-918	1710274	1363528	1073305	1425510
rnd-5_family-929	644557	549677	474891	560959
rnd-5_family-95	5599863	2270787	2291149	1908492
rnd-5_family-998	230263	168242	165289	184702
rnd-6_family-1009	338226	274652	218037	272026
rnd-6_family-101	152292	126683	101055	142218
rnd-6_family-1010	1322403	676299	592598	686507
rnd-6_family-1012	278466	242376	176624	248904
rnd-6_family-1016	375654	242898	225476	253963
rnd-6_family-1019	3902200	2389388	1923113	1762447
rnd-6_family-1021	2074476	1469358	1150982	1378556
rnd-6_family-1024	729033	688277	600297	674774
rnd-6_family-1032	3117530	7424454	4158134	5288257
rnd-6_family-1035	130757	163367	137768	170105
rnd-6_family-1045	121320	84329	98129	103995
rnd-6_family-10484	261738	168622	152411	168791
rnd-6_family-1049	594149	375718	319392	387490
rnd-6_family-1062	3482095	1637144	1959116	1937246
rnd-6_family-10630	168722	136522	120146	132721
rnd-6_family-1076	6738846	3968847	3727418	5882029
rnd-6_family-1104	211815	218645	134953	212283
rnd-6_family-1107	412069	306833	289478	303239
rnd-6_family-1109	759543	680996	598123	993459
rnd-6_family-1110	384404	313833	262870	294339
rnd-6_family-1116	382118	805585	553710	521345
rnd-6_family-1119	17833	14547	11577	14406
rnd-6_family-1125	1968152	1065777	1000335	1166955
rnd-6_family-113	848462	1412957	1732398	2641278
rnd-6_family-1130	327085	231004	182783	201121
rnd-6_family-1138	131761	203539	120552	207071
rnd-6_family-1165	887993	589902	459009	556143
rnd-6_family-1170	634656	161960	167977	187304
rnd-6_family-1192	1106681	1064196	853481	938620
rnd-6_family-1196	30630	42169	23310	44011
rnd-6_family-1215	819371	796612	632080	809822
rnd-6_family-122	2205586	196322	758284	109505
rnd-6_family-1228	26805	35439	55624	10460
rnd-6_family-1237	442184	313428	260087	313319
rnd-6_family-1240	128124	83633	69182	98676
rnd-6_family-1248	387661	470314	263774	397530
rnd-6_family-1275	233603	268939	65910	112176
rnd-6_family-1277	419714	322581	265192	326074
rnd-6_family-1283	1070178	697899	735024	692675
rnd-6_family-1285	742405	480034	376581	410884
rnd-6_family-1319	147062	132692	106878	126793
rnd-6_family-132	623492	565809	453333	574347
rnd-6_family-1320	459117	126078	169904	182235
rnd-6_family-1321	1187218	485275	469315	273020
rnd-6_family-1322	1538990	1051403	699192	1041572
rnd-6_family-1323	1812492	254366	613153	223681
rnd-6_family-1333	410186	310820	238120	297364
rnd-6_family-1346	32462689	10656402	14445579	6836430
rnd-6_family-1348	1413247	367517	696326	190346
rnd-6_family-1350	150871	129976	107336	116120
rnd-6_family-1396	61603	47892	38522	47521
rnd-6_family-1408	863676	396234	276879	230346
rnd-6_family-141	924292	518929	420135	561125
rnd-6_family-1416	248944	182508	175799	218853
rnd-6_family-1420	1162749	1334838	820627	1637922
rnd-6_family-143	1931236	998900	1071613	888868
rnd-6_family-1433	189874	184323	108138	196372
rnd-6_family-1435	51407	102143	27202	55919
rnd-6_family-1436	51127	66567	49992	70120
rnd-6_family-1443	132757	81813	74978	71379
rnd-6_family-145	675067	208975	243818	126654
rnd-6_family-1455	303085	218405	198026	260362
rnd-6_family-1460	1169126	760311	616130	702963
rnd-6_family-1461	279076	173750	134846	136007
rnd-6_family-1487	66486	63889	62036	80261
rnd-6_family-1506	672547	596278	532365	737431
rnd-6_family-1524	574914	387225	318302	362083
rnd-6_family-1532	410180	92119	132501	57451
rnd-6_family-1545	1009148	585819	493482	568035
rnd-6_family-1547	204779	171817	141391	155586
rnd-6_family-1555	715652	556252	458278	619623
rnd-6_family-1558	122322	93263	77862	94028
rnd-6_family-156	673223	629667	497718	900377
rnd-6_family-1576	1059460	867470	711508	855679
rnd-6_family-1578	538029	631192	413303	405209
rnd-6_family-1593	420597	511913	392548	424860
rnd-6_family-1607	252510	189924	150689	184924
rnd-6_family-1608	384662	224933	178798	206094
rnd-6_family-1610	2787716	2383324	1767422	2530270
rnd-6_family-1613	607242	202302	263734	165892
rnd-6_family-1629	397355	327746	281178	330445
rnd-6_family-1639	124086	94026	65779	79164
rnd-6_family-1644	355866	172886	149799	167030
rnd-6_family-1650	126841	97467	84211	96473
rnd-6_family-1657	250084	505664	238012	334555
rnd-6_family-1658	519483	309872	275910	294882
rnd-6_family-1670	201054	152618	119627	128456
rnd-6_family-1678	821346	470121	380694	425662
rnd-6_family-168	1232425	885229	744718	929927
rnd-6_family-1686	1049009	481517	523515	368273
rnd-6_family-1702	796044	691066	558219	731891
rnd-6_family-171	566006	361152	294068	339449
rnd-6_family-1725	124419	110971	98856	123783
rnd-6_family-1743	1481759	949885	821264	947693
rnd-6_family-1768	619545	412328	435995	487108
rnd-6_family-1773	4620206	4086373	3639320	5186954
rnd-6_family-1778	542251	423973	282501	414780
rnd-6_family-1779	476884	312708	182114	285786
rnd-6_family-1799	584571	293422	224034	317636
rnd-6_family-1808	1719004	1673097	1298336	1758258
rnd-6_family-1813	167324	249593	260112	197428
rnd-6_family-1819	3630757	983462	1118461	1238695
rnd-6_family-1821	193670	190880	110597	168613
rnd-6_family-1839	230782	170261	138745	162177
rnd-6_family-1843	433428	331831	307068	303834
rnd-6_family-1850	178010	168883	134451	168773
rnd-6_family-1858	136677	152077	108396	181927
rnd-6_family-1872	947807	280733	275264	285522
rnd-6_family-1881	793405	554425	381676	503877
rnd-6_family-1899	216189	200232	155959	185432
rnd-6_family-19	620197	391196	318175	369222
rnd-6_family-190	4322680	3962359	3272479	3538264
rnd-6_family-1908	65159	58683	47078	60420
rnd-6_family-191	420660	431873	196712	311823
rnd-6_family-1916	950143	511129	433153	640448
rnd-6_family-194	6809039	546427	3688610	2923149
rnd-6_family-195	608159	506979	291608	999833
rnd-6_family-196	106864	102044	39084	40244
rnd-6_family-1966	580997	508323	426030	488928
rnd-6_family-197	534737	402611	365529	416273
rnd-6_family-1990	450356	767579	421732	815833
rnd-6_family-1993	304704	218915	150310	193744
rnd-6_family-2030	478695	361991	332453	368576
rnd-6_family-2036	154050	149584	117118	231225
rnd-6_family-2039	12848	23235	10973	19258
rnd-6_family-2054	125552	121361	82576	114015
rnd-6_family-2057	1480904	835317	692575	763737
rnd-6_family-2059	2209551	1258247	1064763	1169982
rnd-6_family-206	1889066	1591170	1236499	1571375
rnd-6_family-2065	685246	538755	451728	573460
rnd-6_family-2071	1203769	855907	671993	815652
rnd-6_family-2072	454848	568070	429313	520094
rnd-6_family-208	151393	163591	93789	160047
rnd-6_family-2096	373526	253189	252401	279452
rnd-6_family-2111	1328832	769836	652616	827674
rnd-6_family-2121	249327	352452	238381	276739
rnd-6_family-2135	6556691	4224540	3388287	3893871
rnd-6_family-2138	185162	152197	158990	161881
rnd-6_family-2149	194796	172821	146596	158511
rnd-6_family-2155	145145	145595	110329	137628
rnd-6_family-2170	149872	117363	95087	135617
rnd-6_family-2174	164598	163814	131735	139731
rnd-6_family-2177	433814	357427	287061	359686
rnd-6_family-2188	324259	321249	255707	314899
rnd-6_family-2195	731686	930438	431445	597605
rnd-6_family-2202	2268570	1605985	1297038	1511185
rnd-6_family-2207	612170	508563	351900	474025
rnd-6_family-2218	495726	363232	366395	315116
rnd-6_family-222	159451	151252	118942	129996
rnd-6_family-223	718001	500563	435031	512018
rnd-6_family-224	256069	191150	148192	215419
rnd-6_family-2249	1459703	769527	893629	940320
rnd-6_family-2254	168480	125837	92851	114207
rnd-6_family-2268	271012	204406	152306	199066
rnd-6_family-2273	1385284	713564	675036	704187
rnd-6_family-2275	189040	156728	132247	156214
rnd-6_family-2277	383353	249678	199416	256006
rnd-6_family-2284	514533	375872	293669	349764
rnd-6_family-2291	196257	140950	176042	131811
rnd-6_family-2296	1853549	1653984	1344443	1597422
rnd-6_family-230	488319	294964	235302	251335
rnd-6_family-2306	545672	426326	316710	383422
rnd-6_family-2339	13843	10470	10660	11144
rnd-6_family-2361	622766	566650	392238	462362
rnd-6_family-2368	786130	536400	432662	538190
rnd-6_family-2381	1962200	1152533	884323	939633
rnd-6_family-2402	1146153	1096189	710714	842087
rnd-6_family-241	71842	79986	54002	82065
rnd-6_family-2422	159661	123025	102116	119937
rnd-6_family-243	226137	163325	113670	152499
rnd-6_family-2431	313681	214828	145023	197688
rnd-6_family-244	1091720	644698	504173	579725
rnd-6_family-2448	748000	425510	364112	413699
rnd-6_family-2454	83032	76471	50487	86575
rnd-6_family-247	332552	199572	149927	177205
rnd-6_family-248	37613	38169	24545	31938
rnd-6_family-2537	44487	46181	30698	51471
rnd-6_family-2642	163719	161140	102004	149095
rnd-6_family-2645	1016502	955369	613478	808443
rnd-6_family-2654	136543	121314	92607	103780
rnd-6_family-2662	701234	648704	479662	478115
rnd-6_family-269	854222	1002766	811910	1097825
rnd-6_family-2703	57154	158802	98524	173422
rnd-6_family-2713	450369	413265	352188	365858
rnd-6_family-2721	629192	297494	313924	288753
rnd-6_family-2733	782977	489891	472832	476655
rnd-6_family-2737	150925	127758	104259	129847
rnd-6_family-2763	395091	244552	243927	309117
rnd-6_family-2769	337706	277413	314395	295737
rnd-6_family-2786	251508	308198	193062	232584
rnd-6_family-2820	540945	421976	381115	449910
rnd-6_family-284	1548075	2880136	1632751	2734135
rnd-6_family-2877	524408	452340	387851	455912
rnd-6_family-2881	650010	528378	475487	438128
rnd-6_family-2894	98762	87207	71593	83882
rnd-6_family-2899	229191	320525	208021	284662
rnd-6_family-2939	463546	511206	290467	479551
rnd-6_family-2960	1720708	1062873	1103291	1202131
rnd-6_family-2961	1272585	1583424	833423	1358560
rnd-6_family-2975	147605	134368	112236	137614
rnd-6_family-2976	1162659	960459	751460	940623
rnd-6_family-2991	1012633	687262	672172	853867
rnd-6_family-3047	434984	429279	434493	617922
rnd-6_family-3058	1485697	1047183	824469	1180899
rnd-6_family-3061	758764	749032	562816	674446
rnd-6_family-3089	140197	122314	97431	119454
rnd-6_family-3091	318101	340346	286770	411610
rnd-6_family-3098	2408518	2089726	1779357	2158971
rnd-6_family-3104	628152	491802	323526	343134
rnd-6_family-3108	342106	228853	220761	288695
rnd-6_family-3109	206317	178560	129425	154244
rnd-6_family-3120	412226	156263	251255	262389
rnd-6_family-3128	416800	254187	216947	238497
rnd-6_family-3129	190061	126126	104904	150294
rnd-6_family-3131	124493	136193	95261	109091
rnd-6_family-3136	119390	231952	135476	212467
rnd-6_family-315	1364938	895660	818817	924860
rnd-6_family-3158	500849	285273	230555	308448
rnd-6_family-3160	58473	32571	25841	41072
rnd-6_family-3201	733024	537197	484765	525073
rnd-6_family-3202	701708	460654	387288	433626
rnd-6_family-3208	81377	70550	60151	61527
rnd-6_family-3220	652160	667037	410958	749725
rnd-6_family-324	177939	153521	117953	121016
rnd-6_family-3246	145972751	160911087	107470293	190377973
rnd-6_family-3263	228231	170263	145147	164902
rnd-6_family-3279	44800	44755	42096	43799
rnd-6_family-328	500877	502561	418819	497313
rnd-6_family-3289	1055012	738220	683319	748472
rnd-6_family-3302	428720	351824	290788	359930
rnd-6_family-3318	8808372	8440165	7755565	9446837
rnd-6_family-3323	173567	166741	113141	149875
rnd-6_family-3331	569673	368570	341586	379188
rnd-6_family-334	318210	301558	240103	280027
rnd-6_family-335	349201	301411	236809	272651
rnd-6_family-3396	228338040	126115384	130665824	208651881
rnd-6_family-341	864579	740146	623312	939995
rnd-6_family-3431	665235	638623	486975	527075
rnd-6_family-344	37758	13954	10081	19134
rnd-6_family-3447	1324740	816151	692426	837018
rnd-6_family-3471	142050	124491	96365	117370
rnd-6_family-3474	292516	300988	240617	444184
rnd-6_family-3480	469484	281103	364188	350208
rnd-6_family-3496	273896	197483	167115	189055
rnd-6_family-3507	689024	458349	352536	434214
rnd-6_family-352	271394	250396	208402	251299
rnd-6_family-3529	42153	29682	27358	27118
rnd-6_family-3534	361604	194389	158989	181142
rnd-6_family-3536	140782	91419	78925	117686
rnd-6_family-3540	1021683	677277	531531	593688
rnd-6_family-361	273316	226505	182743	231333
rnd-6_family-3619	42032	31999	30274	45896
rnd-6_family-363	3585712	2745337	2336823	2666559
rnd-6_family-365	353390	208405	208734	218030
rnd-6_family-3709	135684	90303	80072	83874
rnd-6_family-3711	580337	567452	407239	282482
rnd-6_family-3716	782354	513243	248651	367859
rnd-6_family-3753	1650557	990695	982861	1190019
rnd-6_family-377	25440	15261	15722	16768
rnd-6_family-3786	217941	191779	149364	187671
rnd-6_family-38	721617	676776	549438	745990
rnd-6_family-3801	683420	455041	252443	286557
rnd-6_family-3820	157333	257962	219184	226500
rnd-6_family-3844	603144	193959	230796	134813
rnd-6_family-3862	201205	203663	155461	201130
rnd-6_family-3871	445449	333552	230321	257198
rnd-6_family-3882	206985	203400	142512	205408
rnd-6_family-3887	144966	99078	91335	93304
rnd-6_family-3900	327156	424392	339942	452129
rnd-6_family-392	620420	951139	423380	750920
rnd-6_family-3939	208581	144370	103310	87420
rnd-6_family-394	692029	671592	475405	554163
rnd-6_family-3940	240133	205116	159460	178435
rnd-6_family-399	890489	638086	490640	583765
rnd-6_family-4	1059093	1005830	732315	871962
rnd-6_family-40	366833	307565	262302	315887
rnd-6_family-4026	2323334	1456661	1126516	1285562
rnd-6_family-4037	12691305	7977350	6516608	7851803
rnd-6_family-4046	933158	325141	512868	254633
rnd-6_family-4061	237780	249223	329329	502748
rnd-6_family-415	1222902	1064003	875567	869031
rnd-6_family-4158	112294	93442	77363	90939
rnd-6_family-420	37180	16739	23235	31729
rnd-6_family-4207	704451	585676	441206	557118
rnd-6_family-421	200843	150309	117564	167304
rnd-6_family-422	497476	250438	221294	304695
rnd-6_family-4252	448130	322387	212834	242476
rnd-6_family-4277	35527	34892	24892	32068
rnd-6_family-4307	79843	234383	106928	122520
rnd-6_family-4310	37156	39843	32204	45125
rnd-6_family-4322	152443	100958	84340	87049
rnd-6_family-437	3271046	1427682	1310397	1582074
rnd-6_family-4382	69060	55443	41170	48361
rnd-6_family-4386	292709	49446	63593	45134
rnd-6_family-4403	272965	218395	188008	229468
rnd-6_family-4409	407261	254957	247435	247678
rnd-6_family-4410	341861	238317	216163	245836
rnd-6_family-4429	706808	493074	417576	540461
rnd-6_family-4432	485417	533632	398784	521245
rnd-6_family-4448	558587	430581	341801	415293
rnd-6_family-4459	378216	305621	239181	265368
rnd-6_family-446	1619870	1234745	1105846	1276254
rnd-6_family-447	4321981	3214099	2693782	3216349
rnd-6_family-4489	145665	119492	110185	108720
rnd-6_family-45	67171375	81765772	63710825	67753382
rnd-6_family-451	88581	64972	75210	77831
rnd-6_family-455	948678	564437	514303	586710
rnd-6_family-4584	588551	439410	383264	447089
rnd-6_family-463	3793912	2405575	2031945	2362017
rnd-6_family-465	991806	647550	527477	610657
rnd-6_family-468	298616	326731	229880	407244
rnd-6_family-4702	232658	205433	178768	229233
rnd-6_family-473	258810	176427	147301	166664
rnd-6_family-474	1383470	1374347	954771	1170308
rnd-6_family-477	199487	183077	176384	194937
rnd-6_family-4779	353314	334800	239260	327168
rnd-6_family-478	69914	43110	33098	36690
rnd-6_family-479	978023	652989	515997	547705
rnd-6_family-4799	2951481	6200159	3461902	3569430
rnd-6_family-482	409301	451857	323685	293833
rnd-6_family-4887	154581	92818	78952	67697
rnd-6_family-493	65529	52458	70013	41850
rnd-6_family-4973	110196	99056	82107	92218
rnd-6_family-498	512488	369994	307552	359205
rnd-6_family-5	264117	371366	142555	220629
rnd-6_family-5027	409240	437651	347599	448931
rnd-6_family-5072	230746	172148	135255	163025
rnd-6_family-5097	54457	36482	31083	34064
rnd-6_family-511	63196906	102033575	75478772	177254399
rnd-6_family-513	1099723	641829	520690	633210
rnd-6_family-514	190344	116258	93774	111878
rnd-6_family-5175	118791	132542	96323	117151
rnd-6_family-519	638128	535223	749736	1014574
rnd-6_family-5244	1644380	1288805	1008570	1311184
rnd-6_family-528	690361	674730	380037	537787
rnd-6_family-532	3300836	10897434	5009774	9515673
rnd-6_family-5323	300846	268192	187032	269584
rnd-6_family-5325	340094	249506	169967	133917
rnd-6_family-5347	986617	473005	440428	563587
rnd-6_family-5413	31457	18708	15851	17249
rnd-6_family-5416	321972	160262	145022	212629
rnd-6_family-5417	290957	189037	168678	179171
rnd-6_family-5438	148478	65710	100429	60532
rnd-6_family-551	120971	223241	77073	57831
rnd-6_family-5513	595867	699907	474813	785454
rnd-6_family-553	2338137	1541527	1146501	1466674
rnd-6_family-5530	332884	194451	170015	182001
rnd-6_family-5536	2011866	1433290	1266108	1496028
rnd-6_family-557	373456	214434	163122	221499
rnd-6_family-560	73179	68348	57225	66828
rnd-6_family-566	737252	481931	313141	329676
rnd-6_family-5708	461611	475898	356643	500080
rnd-6_family-5722	371165	307440	228774	278879
rnd-6_family-576	1012558	787183	528314	823072
rnd-6_family-5760	2817592	412866	980794	212198
rnd-6_family-580	343068	512262	434784	543952
rnd-6_family-581	243882	191927	171209	170789
rnd-6_family-582	804315	468148	377347	452573
rnd-6_family-5826	1096109	918334	743086	847983
rnd-6_family-59	350157	244202	187529	235378
rnd-6_family-5901	80371	55346	56203	59755
rnd-6_family-5914	510154	334002	275050	279139
rnd-6_family-5953	180719	99108	99219	146745
rnd-6_family-5973	415991	105136	237362	407898
rnd-6_family-604	153806	129601	94822	120158
rnd-6_family-607	447327	326747	239155	306411
rnd-6_family-6087	70481	65721	41938	64424
rnd-6_family-6088	1756217	1417692	1103044	1345846
rnd-6_family-610	97650	76291	54269	57378
rnd-6_family-612	121474	89180	58088	141932
rnd-6_family-6176	94024	107599	83159	100853
rnd-6_family-620	534511	469026	351543	401097
rnd-6_family-6305	365606	321967	262426	308659
rnd-6_family-6326	345612	283667	332882	258713
rnd-6_family-633	176074	164327	132086	180497
rnd-6_family-636	438848	336835	338341	327776
rnd-6_family-656	1208184	1563584	1027865	1821844
rnd-6_family-6643	332355	244652	210144	246591
rnd-6_family-667	257337	296415	195546	337649
rnd-6_family-668	595518	631541	565406	666367
rnd-6_family-670	438378	316185	275162	291283
rnd-6_family-6810	369681	226537	180500	208538
rnd-6_family-6819	26069	16188	14077	14668
rnd-6_family-6863	181031	37906	57294	195162
rnd-6_family-689	202715	177623	134348	157948
rnd-6_family-694	716690	487255	451868	472416
rnd-6_family-695	220577	199635	156953	187275
rnd-6_family-71	215963	376810	155779	189536
rnd-6_family-733	1391523	1109151	1454779	1411449
rnd-6_family-739	80239	41632	44526	49795
rnd-6_family-74	2195054	1323727	1114691	1187917
rnd-6_family-7443	4143944	2589994	2023808	2447392
rnd-6_family-75	981200	685237	610824	662013
rnd-6_family-750	726025	597098	551139	704305
rnd-6_family-763	644924	480389	413171	477942
rnd-6_family-765	242331	106100	95963	132406
rnd-6_family-774	563155	509960	400800	462084
rnd-6_family-777	527490	311740	196854	265207
rnd-6_family-793	657663	402690	329480	510192
rnd-6_family-796	229616	143816	115368	134310
rnd-6_family-797	62605	139181	39109	98207
rnd-6_family-8112	597873	518812	442896	618905
rnd-6_family-816	2049590	1495675	1286978	1505796
rnd-6_family-8194	190433	151352	127666	125157
rnd-6_family-821	782921	743239	522973	547059
rnd-6_family-824	25075384	21778800	20026251	20839606
rnd-6_family-826	148965	81573	65391	131447
rnd-6_family-827	607911	469991	383787	438332
rnd-6_family-830	612507	469354	464401	510380
rnd-6_family-8325	107349	65075	54349	52641
rnd-6_family-837	1048427	686108	621726	692683
rnd-6_family-839	77957	66214	53328	56576
rnd-6_family-843	329907	243588	219537	243146
rnd-6_family-850	1187684	884654	700342	870202
rnd-6_family-855	413284	349474	272402	331623
rnd-6_family-859	97765	90537	76501	84439
rnd-6_family-873	2763505	1569583	1326907	1509397
rnd-6_family-875	3564884	1981934	1669836	1988876
rnd-6_family-879	142255	111617	103251	120949
rnd-6_family-880	146684	119973	95338	113080
rnd-6_family-883	457023	539165	484961	447129
rnd-6_family-8957	49059	55386	46755	67583
rnd-6_family-9	171140	121463	135112	170836
rnd-6_family-9066	540539	388714	348302	405293
rnd-6_family-908	331823	264318	201980	242361
rnd-6_family-9234	201300	171109	140259	163460
rnd-6_family-936	39809	52983	36439	45223
rnd-6_family-9368	166685	101521	96408	94916
rnd-6_family-95	222002	172280	137504	130325
rnd-6_family-951	1121991	737563	953937	882546
rnd-6_family-969	188627480	183919009	135218691	222003274
rnd-6_family-972	81587	69190	52169	64298
rnd-6_family-973	93324	81729	63382	70304
rnd-6_family-984	316714	298841	244417	292960
rnd-6_family-99	82204	72625	57257	68067
rnd-6_family-995	219940	149793	116990	133493
